delay (Vbp=0) X,delay (Vbp=0) Y,delay (Vbp=0.55) X,delay (Vbp=0.55) Y,delay (Vbp=1.1) X,delay (Vbp=1.1) Y,delay (Vbp=1.5) X,delay (Vbp=1.5) Y,delay (Vbp=2) X,delay (Vbp=2) Y
1e-06,2.95509384256319e-10,1e-06,4.111405181736864e-10,1e-06,6.16871946473235e-10,1e-06,7.481977391973771e-10,1e-06,8.89430724636782e-10
1.02e-06,2.993321702379551e-10,1.02e-06,4.216687036238816e-10,1.02e-06,6.339825584476652e-10,1.02e-06,7.680676479430248e-10,1.02e-06,9.109784438185938e-10
1.04e-06,3.034748666676935e-10,1.04e-06,4.331395986562824e-10,1.04e-06,6.521094931439575e-10,1.04e-06,7.879871691324334e-10,1.04e-06,9.32950110355958e-10
1.06e-06,3.077109668820121e-10,1.06e-06,4.445365233629937e-10,1.06e-06,6.708657129277515e-10,1.06e-06,8.084968392472239e-10,1.06e-06,9.548617055545921e-10
1.08e-06,3.120401633906848e-10,1.08e-06,4.571471100070018e-10,1.08e-06,6.885985221558619e-10,1.08e-06,8.2842150986141e-10,1.08e-06,9.766834028693525e-10
1.1e-06,3.166470996683156e-10,1.1e-06,4.697552357076662e-10,1.1e-06,7.074386788246954e-10,1.1e-06,8.49196437689996e-10,1.1e-06,9.98596493077483e-10
1.12e-06,3.215219270235531e-10,1.12e-06,4.833340390005167e-10,1.12e-06,7.254053694935051e-10,1.12e-06,8.695505410031144e-10,1.12e-06,1.020948001939891e-09
1.14e-06,3.263218118461175e-10,1.14e-06,4.967176950015659e-10,1.14e-06,7.440765745144294e-10,1.14e-06,8.894257023967172e-10,1.14e-06,1.043502385855252e-09
1.16e-06,3.315282875142468e-10,1.16e-06,5.100650361456951e-10,1.16e-06,7.624941262630546e-10,1.16e-06,9.100430829904901e-10,1.16e-06,1.065504722693934e-09
1.18e-06,3.368251707934485e-10,1.18e-06,5.244298275265735e-10,1.18e-06,7.814356013281595e-10,1.18e-06,9.300180206807357e-10,1.18e-06,1.0876800080158e-09
1.2e-06,3.424505235965456e-10,1.2e-06,5.388080310174222e-10,1.2e-06,7.999191503193763e-10,1.2e-06,9.509057189330743e-10,1.2e-06,1.11015529523345e-09
1.22e-06,3.482236083005563e-10,1.22e-06,5.52835832660415e-10,1.22e-06,8.188372453325913e-10,1.22e-06,9.714596348084031e-10,1.22e-06,1.132478885845037e-09
1.24e-06,3.542622446851781e-10,1.24e-06,5.679960335981888e-10,1.24e-06,8.380341367514486e-10,1.24e-06,9.920302409320158e-10,1.24e-06,1.154364589490217e-09
1.26e-06,3.605516815990994e-10,1.26e-06,5.82632357311702e-10,1.26e-06,8.565492695620629e-10,1.26e-06,1.012335866506266e-09,1.26e-06,1.176858890961152e-09
1.28e-06,3.673153864952732e-10,1.28e-06,5.972138131996288e-10,1.28e-06,8.751575453867509e-10,1.28e-06,1.033156597273589e-09,1.28e-06,1.198675832554405e-09
1.3e-06,3.743345236737228e-10,1.3e-06,6.125369329531443e-10,1.3e-06,8.940674412713873e-10,1.3e-06,1.053359084852891e-09,1.3e-06,1.221439250798482e-09
1.32e-06,3.815919743184362e-10,1.32e-06,6.27797205800151e-10,1.32e-06,9.129259383820899e-10,1.32e-06,1.074139498713114e-09,1.32e-06,1.243880221806037e-09
1.34e-06,3.890813305539344e-10,1.34e-06,6.426857504020648e-10,1.34e-06,9.319757546209167e-10,1.34e-06,1.094596621456099e-09,1.34e-06,1.266236632545307e-09
1.36e-06,3.970266174815173e-10,1.36e-06,6.583848783337265e-10,1.36e-06,9.509171596517229e-10,1.36e-06,1.116167125697598e-09,1.36e-06,1.288952067167691e-09
1.38e-06,4.052352455046873e-10,1.38e-06,6.733021137091972e-10,1.38e-06,9.699518411757339e-10,1.38e-06,1.136327211175054e-09,1.38e-06,1.311266838756676e-09
1.4e-06,4.137961412455412e-10,1.4e-06,6.88978989699715e-10,1.4e-06,9.890355583229997e-10,1.4e-06,1.157525296651892e-09,1.4e-06,1.334277174064972e-09
1.42e-06,4.223527688536014e-10,1.42e-06,7.045006246935876e-10,1.42e-06,1.007626453287819e-09,1.42e-06,1.178276326738041e-09,1.42e-06,1.357093296073894e-09
1.44e-06,4.315597244357244e-10,1.44e-06,7.200885566734704e-10,1.44e-06,1.027028122532814e-09,1.44e-06,1.199139606889702e-09,1.44e-06,1.379583295745814e-09
1.46e-06,4.405304231836448e-10,1.46e-06,7.356985744186581e-10,1.46e-06,1.045748596963989e-09,1.46e-06,1.219724127384955e-09,1.46e-06,1.402261413538167e-09
1.48e-06,4.502309564833736e-10,1.48e-06,7.513669756738615e-10,1.48e-06,1.065552442233765e-09,1.48e-06,1.240971221498004e-09,1.48e-06,1.424607567199527e-09
1.5e-06,4.597614122652067e-10,1.5e-06,7.67081264271081e-10,1.5e-06,1.084151311072448e-09,1.5e-06,1.261994697567447e-09,1.5e-06,1.447345885548855e-09
1.52e-06,4.69980638956548e-10,1.52e-06,7.829693362910533e-10,1.52e-06,1.103686599445989e-09,1.52e-06,1.283395571613924e-09,1.52e-06,1.470026279038057e-09
1.54e-06,4.80365664924598e-10,1.54e-06,7.981725373663271e-10,1.54e-06,1.122185530189705e-09,1.54e-06,1.303692064261273e-09,1.54e-06,1.491887798405525e-09
1.56e-06,4.906411094917889e-10,1.56e-06,8.14590280522659e-10,1.56e-06,1.141997309886228e-09,1.56e-06,1.325153803337493e-09,1.56e-06,1.515010846991984e-09
1.58e-06,5.012221687948036e-10,1.58e-06,8.300959400710906e-10,1.58e-06,1.160756215154328e-09,1.58e-06,1.345657656768837e-09,1.58e-06,1.5376633029314e-09
1.6e-06,5.12372047678712e-10,1.6e-06,8.457579282888903e-10,1.6e-06,1.180123320442535e-09,1.6e-06,1.366803505570129e-09,1.6e-06,1.5608976996873e-09
1.62e-06,5.229258167737176e-10,1.62e-06,8.618515240565372e-10,1.62e-06,1.199458257286492e-09,1.62e-06,1.388200873192852e-09,1.62e-06,1.582968851261583e-09
1.64e-06,5.342711797162408e-10,1.64e-06,8.772345443544623e-10,1.64e-06,1.218783984530757e-09,1.64e-06,1.408835258938201e-09,1.64e-06,1.607350460190261e-09
1.66e-06,5.450802872115853e-10,1.66e-06,8.937233668959697e-10,1.66e-06,1.23760058168102e-09,1.66e-06,1.430065782395126e-09,1.66e-06,1.630144289388628e-09
1.68e-06,5.56689475415859e-10,1.68e-06,9.092929118855817e-10,1.68e-06,1.257304429982869e-09,1.68e-06,1.451295629131027e-09,1.68e-06,1.653602578378825e-09
1.7e-06,5.680773720291572e-10,1.7e-06,9.251496629989946e-10,1.7e-06,1.276495082009222e-09,1.7e-06,1.471754193964924e-09,1.7e-06,1.676447963013266e-09
1.72e-06,5.795959881059655e-10,1.72e-06,9.412331973758012e-10,1.72e-06,1.295867799945417e-09,1.72e-06,1.493134066301746e-09,1.72e-06,1.699563972453652e-09
1.74e-06,5.910929750134693e-10,1.74e-06,9.575308366796059e-10,1.74e-06,1.31500192039501e-09,1.74e-06,1.51502700495645e-09,1.74e-06,1.722386676104773e-09
1.76e-06,6.024938434117848e-10,1.76e-06,9.733021908667614e-10,1.76e-06,1.334738129903887e-09,1.76e-06,1.536327286036695e-09,1.76e-06,1.744830764975772e-09
1.78e-06,6.142522240885599e-10,1.78e-06,9.893511462666358e-10,1.78e-06,1.354037204586374e-09,1.78e-06,1.556988702598751e-09,1.78e-06,1.767527744322881e-09
1.8e-06,6.263883736429563e-10,1.8e-06,1.005299772716387e-09,1.8e-06,1.373483875149306e-09,1.8e-06,1.578678543567391e-09,1.8e-06,1.790625946034228e-09
1.82e-06,6.385702924109682e-10,1.82e-06,1.021233851883491e-09,1.82e-06,1.392928359243158e-09,1.82e-06,1.599761875924626e-09,1.82e-06,1.813781788030601e-09
1.84e-06,6.499743318163555e-10,1.84e-06,1.037461032285039e-09,1.84e-06,1.412505833709955e-09,1.84e-06,1.621625271864182e-09,1.84e-06,1.836514188825092e-09
1.86e-06,6.621117448072136e-10,1.86e-06,1.053232277587033e-09,1.86e-06,1.431765550478346e-09,1.86e-06,1.642208307441044e-09,1.86e-06,1.858774774869119e-09
1.88e-06,6.739391715866938e-10,1.88e-06,1.069596181430171e-09,1.88e-06,1.451210896736511e-09,1.88e-06,1.663792713656402e-09,1.88e-06,1.882430201676513e-09
1.9e-06,6.85975002161193e-10,1.9e-06,1.086205283902577e-09,1.9e-06,1.470836151280766e-09,1.9e-06,1.685029962055751e-09,1.9e-06,1.905337756741659e-09
1.92e-06,6.985966493387945e-10,1.92e-06,1.102085577434945e-09,1.92e-06,1.490957588641962e-09,1.92e-06,1.706448710930284e-09,1.92e-06,1.928265423676759e-09
1.94e-06,7.108397066485334e-10,1.94e-06,1.118038700720444e-09,1.94e-06,1.509367863774515e-09,1.94e-06,1.727589295480622e-09,1.94e-06,1.951256013365752e-09
1.96e-06,7.229889668941e-10,1.96e-06,1.134472180576483e-09,1.96e-06,1.529125251384408e-09,1.96e-06,1.749016964508865e-09,1.96e-06,1.974525603218291e-09
1.98e-06,7.350148931469456e-10,1.98e-06,1.150672536440835e-09,1.98e-06,1.549066792976797e-09,1.98e-06,1.770008596631255e-09,1.98e-06,1.996171530868819e-09
2e-06,7.474824201030487e-10,2e-06,1.166806610191773e-09,2e-06,1.56828363267597e-09,2e-06,1.791642281352176e-09,2e-06,2.020705091170983e-09
2.02e-06,7.59826884524148e-10,2.02e-06,1.182653913243542e-09,2.02e-06,1.587484493642917e-09,2.02e-06,1.812790587351108e-09,2.02e-06,2.042532743496674e-09
2.04e-06,7.719219912478885e-10,2.04e-06,1.199366793590058e-09,2.04e-06,1.607358861829101e-09,2.04e-06,1.834366766051969e-09,2.04e-06,2.067415742141163e-09
2.06e-06,7.843744025663746e-10,2.06e-06,1.215340839574569e-09,2.06e-06,1.62720510975738e-09,2.06e-06,1.855653630412179e-09,2.06e-06,2.090101763648207e-09
2.08e-06,7.968401550360617e-10,2.08e-06,1.231676837974575e-09,2.08e-06,1.64678144107322e-09,2.08e-06,1.876474421302931e-09,2.08e-06,2.11240623794519e-09
2.1e-06,8.090260501904245e-10,2.1e-06,1.247766546109093e-09,2.1e-06,1.666420440138027e-09,2.1e-06,1.898589903158993e-09,2.1e-06,2.135372572274694e-09
2.12e-06,8.21660217939169e-10,2.12e-06,1.264183242826998e-09,2.12e-06,1.685985840769021e-09,2.12e-06,1.920355972615209e-09,2.12e-06,2.15989886254753e-09
2.14e-06,8.340337329652609e-10,2.14e-06,1.280153910572107e-09,2.14e-06,1.705960901144112e-09,2.14e-06,1.941694498595046e-09,2.14e-06,2.182490431906976e-09
2.16e-06,8.467923366938227e-10,2.16e-06,1.29668767209776e-09,2.16e-06,1.725614597239385e-09,2.16e-06,1.96335385798094e-09,2.16e-06,2.205873760497438e-09
2.18e-06,8.589032482042885e-10,2.18e-06,1.31254907562134e-09,2.18e-06,1.745152339771162e-09,2.18e-06,1.98472175453282e-09,2.18e-06,2.229243425028565e-09
2.2e-06,8.716119598364714e-10,2.2e-06,1.329465021104532e-09,2.2e-06,1.764542349261268e-09,2.2e-06,2.006401614510648e-09,2.2e-06,2.252862607575013e-09
2.22e-06,8.839919519207097e-10,2.22e-06,1.346143819839147e-09,2.22e-06,1.784723395413585e-09,2.22e-06,2.027424115378427e-09,2.22e-06,2.276421178668122e-09
2.24e-06,8.963042674179428e-10,2.24e-06,1.361941985521163e-09,2.24e-06,1.804020088782002e-09,2.24e-06,2.048960128684186e-09,2.24e-06,2.299891552533371e-09
2.26e-06,9.090865024332554e-10,2.26e-06,1.378763514989557e-09,2.26e-06,1.82403019575462e-09,2.26e-06,2.070334244563967e-09,2.26e-06,2.323125751254502e-09
2.28e-06,9.219678872826448e-10,2.28e-06,1.395089617730804e-09,2.28e-06,1.844016836856445e-09,2.28e-06,2.091764041592936e-09,2.28e-06,2.346343458227961e-09
2.3e-06,9.340913364644328e-10,2.3e-06,1.411571010111951e-09,2.3e-06,1.86388332670496e-09,2.3e-06,2.113549504773756e-09,2.3e-06,2.368538798333697e-09
2.32e-06,9.472432214678037e-10,2.32e-06,1.428043833167586e-09,2.32e-06,1.883503895649901e-09,2.32e-06,2.134698385337312e-09,2.32e-06,2.392966210625183e-09
2.34e-06,9.590386006156439e-10,2.34e-06,1.44406850817398e-09,2.34e-06,1.903321003851843e-09,2.34e-06,2.156407268611304e-09,2.34e-06,2.415774442069415e-09
2.36e-06,9.719936103367711e-10,2.36e-06,1.460231921581387e-09,2.36e-06,1.923254037820111e-09,2.36e-06,2.17828685421941e-09,2.36e-06,2.43919005052356e-09
2.38e-06,9.846216357990468e-10,2.38e-06,1.476935095040378e-09,2.38e-06,1.943119209366903e-09,2.38e-06,2.199371506962567e-09,2.38e-06,2.462338868593753e-09
2.4e-06,9.972511539293627e-10,2.4e-06,1.493445393185652e-09,2.4e-06,1.963056251165967e-09,2.4e-06,2.220734538210084e-09,2.4e-06,2.485812583029706e-09
2.42e-06,1.010201601608788e-09,2.42e-06,1.509437575489021e-09,2.42e-06,1.982727719677682e-09,2.42e-06,2.242480027343834e-09,2.42e-06,2.509206171519489e-09
2.44e-06,1.022474071877165e-09,2.44e-06,1.527391280315321e-09,2.44e-06,2.002775238746405e-09,2.44e-06,2.264522338294639e-09,2.44e-06,2.532717516024852e-09
2.46e-06,1.035179397418363e-09,2.46e-06,1.54219457049648e-09,2.46e-06,2.022236749277457e-09,2.46e-06,2.28572545641497e-09,2.46e-06,2.555923304775365e-09
2.48e-06,1.047705248984797e-09,2.48e-06,1.559447361085054e-09,2.48e-06,2.042512049530216e-09,2.48e-06,2.307151236575236e-09,2.48e-06,2.578766952320302e-09
2.5e-06,1.061204592126005e-09,2.5e-06,1.575531672921562e-09,2.5e-06,2.062507232878194e-09,2.5e-06,2.328406444213744e-09,2.5e-06,2.602078735193569e-09
2.52e-06,1.073474402909552e-09,2.52e-06,1.592573420722211e-09,2.52e-06,2.081816977687551e-09,2.52e-06,2.350286260300135e-09,2.52e-06,2.625731575924055e-09
2.54e-06,1.085974882826743e-09,2.54e-06,1.608570294226921e-09,2.54e-06,2.102433545232805e-09,2.54e-06,2.372247813769812e-09,2.54e-06,2.649310800830889e-09
2.56e-06,1.098539318260245e-09,2.56e-06,1.625616189791899e-09,2.56e-06,2.122326810482776e-09,2.56e-06,2.393960966858645e-09,2.56e-06,2.67303369998428e-09
2.58e-06,1.111192037619102e-09,2.58e-06,1.641883424097716e-09,2.58e-06,2.14215841557959e-09,2.58e-06,2.414967994693097e-09,2.58e-06,2.696568423981159e-09
2.6e-06,1.124313785944911e-09,2.6e-06,1.658401934641903e-09,2.6e-06,2.162237850236185e-09,2.6e-06,2.437268157030096e-09,2.6e-06,2.719740979224612e-09
2.62e-06,1.136638253989253e-09,2.62e-06,1.675039369084074e-09,2.62e-06,2.181922036854101e-09,2.62e-06,2.458751455810267e-09,2.62e-06,2.743442756529236e-09
2.64e-06,1.14939681685738e-09,2.64e-06,1.691929191745378e-09,2.64e-06,2.202091500670635e-09,2.64e-06,2.481022717089599e-09,2.64e-06,2.767143508318282e-09
2.66e-06,1.162585352797236e-09,2.66e-06,1.708271858333185e-09,2.66e-06,2.221393940566809e-09,2.66e-06,2.502343624638708e-09,2.66e-06,2.79013265287578e-09
2.68e-06,1.174814936221838e-09,2.68e-06,1.724604517484319e-09,2.68e-06,2.242049946369381e-09,2.68e-06,2.523890817422927e-09,2.68e-06,2.813748456498931e-09
2.7e-06,1.188152958465889e-09,2.7e-06,1.74145752722156e-09,2.7e-06,2.261468013574783e-09,2.7e-06,2.546281519864877e-09,2.7e-06,2.836182658275256e-09
2.72e-06,1.200575749576185e-09,2.72e-06,1.75796356104994e-09,2.72e-06,2.281263166650809e-09,2.72e-06,2.567511965326022e-09,2.72e-06,2.860192048167292e-09
2.74e-06,1.213694492323339e-09,2.74e-06,1.774516773113862e-09,2.74e-06,2.301454353756243e-09,2.74e-06,2.590145829522606e-09,2.74e-06,2.884093707011669e-09
2.76e-06,1.226824932118191e-09,2.76e-06,1.790632269190636e-09,2.76e-06,2.322103427582131e-09,2.76e-06,2.612366712124248e-09,2.76e-06,2.907719236116672e-09
2.78e-06,1.238949897917591e-09,2.78e-06,1.80802065233398e-09,2.78e-06,2.341425172910414e-09,2.78e-06,2.632597939631281e-09,2.78e-06,2.931437243280823e-09
2.8e-06,1.252404115668379e-09,2.8e-06,1.824430584173469e-09,2.8e-06,2.361853009355327e-09,2.8e-06,2.655848592340674e-09,2.8e-06,2.95531307147016e-09
2.82e-06,1.265191595765895e-09,2.82e-06,1.840926935841343e-09,2.82e-06,2.381633484196547e-09,2.82e-06,2.675793295183959e-09,2.82e-06,2.978657087937145e-09
2.84e-06,1.277949410531457e-09,2.84e-06,1.857871819325814e-09,2.84e-06,2.401340255988515e-09,2.84e-06,2.698840917015738e-09,2.84e-06,3.002383051121982e-09
2.86e-06,1.291032112766812e-09,2.86e-06,1.874633671676412e-09,2.86e-06,2.421203360257182e-09,2.86e-06,2.718420579300777e-09,2.86e-06,3.025801243168663e-09
2.88e-06,1.303709606250067e-09,2.88e-06,1.89073865690335e-09,2.88e-06,2.441849369787588e-09,2.88e-06,2.742650542866157e-09,2.88e-06,3.049555102364103e-09
2.9e-06,1.316573694776978e-09,2.9e-06,1.907949852049388e-09,2.9e-06,2.461399532382196e-09,2.9e-06,2.764348142255904e-09,2.9e-06,3.072892776464336e-09
2.92e-06,1.329412774149161e-09,2.92e-06,1.924284002618738e-09,2.92e-06,2.48153810128946e-09,2.92e-06,2.786182183529129e-09,2.92e-06,3.096628085272493e-09
2.94e-06,1.34271627111117e-09,2.94e-06,1.94090823517795e-09,2.94e-06,2.501271268730797e-09,2.94e-06,2.807437067964911e-09,2.94e-06,3.119773224375638e-09
2.96e-06,1.355293353868369e-09,2.96e-06,1.957577349413852e-09,2.96e-06,2.522250749230666e-09,2.96e-06,2.829622654158399e-09,2.96e-06,3.143954819649154e-09
2.98e-06,1.368188834119294e-09,2.98e-06,1.973692539704146e-09,2.98e-06,2.541632857875336e-09,2.98e-06,2.851580567970611e-09,2.98e-06,3.166481109243659e-09
3e-06,1.380846652585297e-09,3e-06,1.990994643776207e-09,3e-06,2.561840590543611e-09,3e-06,2.873626808286655e-09,3e-06,3.191381844591192e-09
3.02e-06,1.393774019324229e-09,3.02e-06,2.007163620733852e-09,3.02e-06,2.582142917914641e-09,3.02e-06,2.895240379719928e-09,3.02e-06,3.214824851347177e-09
3.04e-06,1.407032524202763e-09,3.04e-06,2.02424168468349e-09,3.04e-06,2.602068226633855e-09,3.04e-06,2.917377790950367e-09,3.04e-06,3.238789571889881e-09
3.06e-06,1.419628830687521e-09,3.06e-06,2.040856116071336e-09,3.06e-06,2.622403078538191e-09,3.06e-06,2.939181073475225e-09,3.06e-06,3.261358933228724e-09
3.08e-06,1.43272398311535e-09,3.08e-06,2.058252749228846e-09,3.08e-06,2.641909027310479e-09,3.08e-06,2.960905105913504e-09,3.08e-06,3.286030665486764e-09
3.1e-06,1.445872562141531e-09,3.1e-06,2.074485030997221e-09,3.1e-06,2.663003258272815e-09,3.1e-06,2.982574654575383e-09,3.1e-06,3.309656306060888e-09
3.12e-06,1.459047982309745e-09,3.12e-06,2.091172779377216e-09,3.12e-06,2.682437544335188e-09,3.12e-06,3.00443546187287e-09,3.12e-06,3.333462799135635e-09
3.14e-06,1.472041770818105e-09,3.14e-06,2.107627292098332e-09,3.14e-06,2.702230416016803e-09,3.14e-06,3.026378531177882e-09,3.14e-06,3.35668619594386e-09
3.16e-06,1.483931768956026e-09,3.16e-06,2.124810631524006e-09,3.16e-06,2.723329652603569e-09,3.16e-06,3.049090648904666e-09,3.16e-06,3.380426122227743e-09
3.18e-06,1.49724472247321e-09,3.18e-06,2.141475447152166e-09,3.18e-06,2.742341307394191e-09,3.18e-06,3.071065270788653e-09,3.18e-06,3.404028330415548e-09
3.2e-06,1.510603813352051e-09,3.2e-06,2.158751063282715e-09,3.2e-06,2.763430304385342e-09,3.2e-06,3.093068305303867e-09,3.2e-06,3.427769150518342e-09
3.22e-06,1.523739008977112e-09,3.22e-06,2.175162814516548e-09,3.22e-06,2.782988347045873e-09,3.22e-06,3.114349958562872e-09,3.22e-06,3.452152019341296e-09
3.24e-06,1.536726299478184e-09,3.24e-06,2.192093775151811e-09,3.24e-06,2.803483324996771e-09,3.24e-06,3.136840188730536e-09,3.24e-06,3.475918812491417e-09
3.26e-06,1.549801556384929e-09,3.26e-06,2.208669133724339e-09,3.26e-06,2.823237585318815e-09,3.26e-06,3.158689352524718e-09,3.26e-06,3.498723669071779e-09
3.28e-06,1.562075529784449e-09,3.28e-06,2.225796333579521e-09,3.28e-06,2.843479674274872e-09,3.28e-06,3.181173895305211e-09,3.28e-06,3.523045112559436e-09
3.3e-06,1.574649012692269e-09,3.3e-06,2.242492856459012e-09,3.3e-06,2.864419904235615e-09,3.3e-06,3.202070756488639e-09,3.3e-06,3.547048587163459e-09
3.32e-06,1.587814621247531e-09,3.32e-06,2.259357187959531e-09,3.32e-06,2.884159788524103e-09,3.32e-06,3.224569402245658e-09,3.32e-06,3.571028270434068e-09
3.34e-06,1.600996491375116e-09,3.34e-06,2.276357495771233e-09,3.34e-06,2.90423549324673e-09,3.34e-06,3.246248068796303e-09,3.34e-06,3.594767651570165e-09
3.36e-06,1.614284106085775e-09,3.36e-06,2.293053986190886e-09,3.36e-06,2.924610655617828e-09,3.36e-06,3.268451492105274e-09,3.36e-06,3.617572863363894e-09
3.38e-06,1.626743933627976e-09,3.38e-06,2.309907263249375e-09,3.38e-06,2.945267742287194e-09,3.38e-06,3.290801011540186e-09,3.38e-06,3.642002336765198e-09
3.4e-06,1.640308831734522e-09,3.4e-06,2.326751877138763e-09,3.4e-06,2.965020193168805e-09,3.4e-06,3.313276675963238e-09,3.4e-06,3.666629387333275e-09
3.42e-06,1.653359819621744e-09,3.42e-06,2.343569051690491e-09,3.42e-06,2.985191427868425e-09,3.42e-06,3.335523740301443e-09,3.42e-06,3.689102214263824e-09
3.44e-06,1.666261431526153e-09,3.44e-06,2.360989413110363e-09,3.44e-06,3.005966239167903e-09,3.44e-06,3.357658363605166e-09,3.44e-06,3.713980258208305e-09
3.46e-06,1.679353727008799e-09,3.46e-06,2.377537791496253e-09,3.46e-06,3.026289563204664e-09,3.46e-06,3.379301289188483e-09,3.46e-06,3.737294609139307e-09
3.48e-06,1.692410713264916e-09,3.48e-06,2.394459133430068e-09,3.48e-06,3.046694094292962e-09,3.48e-06,3.401505223918017e-09,3.48e-06,3.762062501608476e-09
3.5e-06,1.705475743809037e-09,3.5e-06,2.411673204597032e-09,3.5e-06,3.066172920848606e-09,3.5e-06,3.422949914290647e-09,3.5e-06,3.785090674884266e-09
3.52e-06,1.718722085113945e-09,3.52e-06,2.428923576094507e-09,3.52e-06,3.087108460581684e-09,3.52e-06,3.445396718676906e-09,3.52e-06,3.80820186654078e-09
3.54e-06,1.731850252984448e-09,3.54e-06,2.445745306991047e-09,3.54e-06,3.106783586555582e-09,3.54e-06,3.467404961016733e-09,3.54e-06,3.832597166095309e-09
3.56e-06,1.744560667563084e-09,3.56e-06,2.462424037250836e-09,3.56e-06,3.127666913420145e-09,3.56e-06,3.489215661419063e-09,3.56e-06,3.856636628950448e-09
3.58e-06,1.757757185680776e-09,3.58e-06,2.479425029741927e-09,3.58e-06,3.148736385817919e-09,3.58e-06,3.512131443223415e-09,3.58e-06,3.881148939881939e-09
3.6e-06,1.770913331124389e-09,3.6e-06,2.496585633795053e-09,3.6e-06,3.167880214741489e-09,3.6e-06,3.533340085822002e-09,3.6e-06,3.904231830523341e-09
3.62e-06,1.783901119767358e-09,3.62e-06,2.513261921124481e-09,3.62e-06,3.188392531828029e-09,3.62e-06,3.555353460658648e-09,3.62e-06,3.928086404492697e-09
3.64e-06,1.79708691513862e-09,3.64e-06,2.529964313583991e-09,3.64e-06,3.208484516361527e-09,3.64e-06,3.578351937370662e-09,3.64e-06,3.952440638386577e-09
3.66e-06,1.810318980561278e-09,3.66e-06,2.547148595366372e-09,3.66e-06,3.230228135003616e-09,3.66e-06,3.600254518076014e-09,3.66e-06,3.976061653417248e-09
3.68e-06,1.823555690884318e-09,3.68e-06,2.564374015628465e-09,3.68e-06,3.250093000694281e-09,3.68e-06,3.622704699379653e-09,3.68e-06,4.000837101149384e-09
3.7e-06,1.836404437317733e-09,3.7e-06,2.580222127071177e-09,3.7e-06,3.26954657295709e-09,3.7e-06,3.64484167488368e-09,3.7e-06,4.024865531515656e-09
3.72e-06,1.850050135741628e-09,3.72e-06,2.59778072363789e-09,3.72e-06,3.290306579871775e-09,3.72e-06,3.667122722187739e-09,3.72e-06,4.048332694142508e-09
3.74e-06,1.862731593303707e-09,3.74e-06,2.614919524842994e-09,3.74e-06,3.311592268615444e-09,3.74e-06,3.689235726449306e-09,3.74e-06,4.072250522728979e-09
3.76e-06,1.876210609121947e-09,3.76e-06,2.632202751847345e-09,3.76e-06,3.33076955367692e-09,3.76e-06,3.711603993857988e-09,3.76e-06,4.096722152308589e-09
3.78e-06,1.888652206393671e-09,3.78e-06,2.648343512536567e-09,3.78e-06,3.352057483561697e-09,3.78e-06,3.733703140375485e-09,3.78e-06,4.12080673659956e-09
3.8e-06,1.902432050365957e-09,3.8e-06,2.665886180653175e-09,3.8e-06,3.372899555434826e-09,3.8e-06,3.755839500203164e-09,3.8e-06,4.144187656063566e-09
3.82e-06,1.914056077150383e-09,3.82e-06,2.683014760392469e-09,3.82e-06,3.393150711580767e-09,3.82e-06,3.77789969266464e-09,3.82e-06,4.167555926333839e-09
3.84e-06,1.928645041688913e-09,3.84e-06,2.699287108605558e-09,3.84e-06,3.413854807717729e-09,3.84e-06,3.8002197010589e-09,3.84e-06,4.190668265459402e-09
3.86e-06,1.940253938198123e-09,3.86e-06,2.717188749786576e-09,3.86e-06,3.433938144117156e-09,3.86e-06,3.822398913643636e-09,3.86e-06,4.215373929715971e-09
3.88e-06,1.954433623667274e-09,3.88e-06,2.733622788093137e-09,3.88e-06,3.454749717920896e-09,3.88e-06,3.844033148182559e-09,3.88e-06,4.240969487032511e-09
3.9e-06,1.968049608978081e-09,3.9e-06,2.750180181811696e-09,3.9e-06,3.474840224337585e-09,3.9e-06,3.866776856847136e-09,3.9e-06,4.264156503260095e-09
3.92e-06,1.981113758276657e-09,3.92e-06,2.768261918969008e-09,3.92e-06,3.49518105828767e-09,3.92e-06,3.889362810205702e-09,3.92e-06,4.288694580669821e-09
3.94e-06,1.994397479727673e-09,3.94e-06,2.785200732986106e-09,3.94e-06,3.515372846970791e-09,3.94e-06,3.911078959679501e-09,3.94e-06,4.313134404250852e-09
3.96e-06,2.007447623312102e-09,3.96e-06,2.801586644337764e-09,3.96e-06,3.536514048758804e-09,3.96e-06,3.933804761604277e-09,3.96e-06,4.336779558509737e-09
3.98e-06,2.020726028753138e-09,3.98e-06,2.818813222818617e-09,3.98e-06,3.555727057977587e-09,3.98e-06,3.955952302762401e-09,3.98e-06,4.361016063619321e-09
4e-06,2.032824478875719e-09,4e-06,2.836601681131715e-09,4e-06,3.57741608382451e-09,4e-06,3.978367262393038e-09,4e-06,4.38494290583492e-09
4.02e-06,2.047183841039146e-09,4.02e-06,2.85263880581786e-09,4.02e-06,3.596285435626819e-09,4.02e-06,4.000498172035336e-09,4.02e-06,4.409470723877329e-09
4.04e-06,2.059755608834849e-09,4.04e-06,2.870203459986249e-09,4.04e-06,3.617654581740248e-09,4.04e-06,4.022912589904706e-09,4.04e-06,4.433652881970098e-09
4.06e-06,2.073345910203846e-09,4.06e-06,2.886804060252911e-09,4.06e-06,3.637874756514713e-09,4.06e-06,4.045120651898228e-09,4.06e-06,4.456665718676794e-09
4.08e-06,2.086752627539257e-09,4.08e-06,2.903365097683222e-09,4.08e-06,3.658124069808096e-09,4.08e-06,4.066814157205328e-09,4.08e-06,4.480973270891122e-09
4.1e-06,2.099080133463675e-09,4.1e-06,2.920804832253855e-09,4.1e-06,3.67891736237392e-09,4.1e-06,4.088600687874265e-09,4.1e-06,4.505778043092691e-09
4.12e-06,2.113000770033628e-09,4.12e-06,2.93854246224958e-09,4.12e-06,3.699682817795566e-09,4.12e-06,4.111973118908193e-09,4.12e-06,4.529225723216527e-09
4.14e-06,2.12513598531253e-09,4.14e-06,2.955340585327247e-09,4.14e-06,3.719822283887798e-09,4.14e-06,4.134379492770275e-09,4.14e-06,4.554239457733393e-09
4.16e-06,2.139399614049688e-09,4.16e-06,2.971762376592212e-09,4.16e-06,3.74057090038951e-09,4.16e-06,4.156869710896635e-09,4.16e-06,4.577483354147749e-09
4.18e-06,2.152907296971988e-09,4.18e-06,2.9885320283418e-09,4.18e-06,3.760926141433072e-09,4.18e-06,4.178708843986287e-09,4.18e-06,4.601486021442118e-09
4.2e-06,2.164928344035071e-09,4.2e-06,3.006489612724157e-09,4.2e-06,3.781408380417375e-09,4.2e-06,4.200914041909273e-09,4.2e-06,4.625112149787763e-09
4.22e-06,2.17915768081322e-09,4.22e-06,3.022816878913332e-09,4.22e-06,3.802084443041673e-09,4.22e-06,4.223118919109217e-09,4.22e-06,4.650564994713981e-09
4.24e-06,2.192654993700967e-09,4.24e-06,3.040725794334019e-09,4.24e-06,3.822952116430433e-09,4.24e-06,4.246117482882205e-09,4.24e-06,4.674449458579206e-09
4.26e-06,2.205558889898149e-09,4.26e-06,3.057593661163807e-09,4.26e-06,3.842449828467111e-09,4.26e-06,4.268151165624734e-09,4.26e-06,4.69821678279432e-09
4.28e-06,2.217807696208889e-09,4.28e-06,3.075155919165574e-09,4.28e-06,3.863883959672551e-09,4.28e-06,4.290805148663433e-09,4.28e-06,4.723324480182791e-09
4.3e-06,2.231002573565578e-09,4.3e-06,3.091488773361312e-09,4.3e-06,3.883902191049207e-09,4.3e-06,4.311967983888755e-09,4.3e-06,4.747407953495549e-09
4.32e-06,2.24537366358274e-09,4.32e-06,3.109832355863481e-09,4.32e-06,3.904704240330504e-09,4.32e-06,4.335362377642289e-09,4.32e-06,4.772046665651841e-09
4.34e-06,2.258153744647419e-09,4.34e-06,3.126374135686122e-09,4.34e-06,3.925656231663836e-09,4.34e-06,4.357898479740126e-09,4.34e-06,4.795303046074197e-09
4.36e-06,2.27096884735702e-09,4.36e-06,3.143192810459588e-09,4.36e-06,3.946235926022837e-09,4.36e-06,4.380292842413528e-09,4.36e-06,4.81977538985708e-09
4.38e-06,2.284493799050019e-09,4.38e-06,3.160446130179809e-09,4.38e-06,3.966931931967522e-09,4.38e-06,4.402047690287167e-09,4.38e-06,4.844431979039957e-09
4.4e-06,2.297788161172556e-09,4.4e-06,3.177352274080818e-09,4.4e-06,3.987132355315316e-09,4.4e-06,4.425032893582272e-09,4.4e-06,4.868846910403032e-09
4.42e-06,2.310750435148051e-09,4.42e-06,3.195150055530009e-09,4.42e-06,4.007442690627161e-09,4.42e-06,4.447007769521261e-09,4.42e-06,4.892971946659847e-09
4.44e-06,2.323915779040689e-09,4.44e-06,3.211927288356051e-09,4.44e-06,4.028408155505066e-09,4.44e-06,4.469058377848713e-09,4.44e-06,4.917253842092244e-09
4.46e-06,2.337395931851429e-09,4.46e-06,3.228912178476842e-09,4.46e-06,4.049028509254342e-09,4.46e-06,4.491437952321453e-09,4.46e-06,4.941964712732929e-09
4.48e-06,2.350919415865718e-09,4.48e-06,3.24608515684637e-09,4.48e-06,4.069606463156874e-09,4.48e-06,4.515097461143099e-09,4.48e-06,4.966654957563864e-09
4.5e-06,2.363998577445934e-09,4.5e-06,3.263104695764389e-09,4.5e-06,4.09026576723411e-09,4.5e-06,4.536417177675322e-09,4.5e-06,4.991015316598132e-09
4.52e-06,2.377803140393924e-09,4.52e-06,3.28060441675782e-09,4.52e-06,4.110947698556581e-09,4.52e-06,4.558991494786066e-09,4.52e-06,5.013832712048828e-09
4.54e-06,2.390690508168865e-09,4.54e-06,3.297555701532145e-09,4.54e-06,4.131519080483427e-09,4.54e-06,4.582403765735274e-09,4.54e-06,5.038228518340454e-09
4.56e-06,2.404117587944284e-09,4.56e-06,3.315105640835594e-09,4.56e-06,4.152437944928298e-09,4.56e-06,4.604371093461322e-09,4.56e-06,5.062041727396778e-09
4.58e-06,2.417306124617914e-09,4.58e-06,3.331906397927721e-09,4.58e-06,4.172969961028863e-09,4.58e-06,4.626582403072601e-09,4.58e-06,5.086887419988334e-09
4.6e-06,2.43068701109329e-09,4.6e-06,3.349436364637811e-09,4.6e-06,4.193879518195029e-09,4.6e-06,4.649206058118742e-09,4.6e-06,5.111781126190147e-09
4.62e-06,2.443679984922063e-09,4.62e-06,3.366344049743973e-09,4.62e-06,4.214199056426439e-09,4.62e-06,4.672019857388803e-09,4.62e-06,5.135575198824187e-09
4.64e-06,2.457388261418504e-09,4.64e-06,3.383089961438324e-09,4.64e-06,4.235631616828813e-09,4.64e-06,4.694882008570829e-09,4.64e-06,5.159198704588347e-09
4.66e-06,2.470445064549056e-09,4.66e-06,3.400806274734811e-09,4.66e-06,4.255678146749744e-09,4.66e-06,4.71715441910727e-09,4.66e-06,5.184015460099079e-09
4.68e-06,2.484309018269229e-09,4.68e-06,3.418143187072669e-09,4.68e-06,4.277023649178592e-09,4.68e-06,4.739768789295202e-09,4.68e-06,5.207606521143678e-09
4.7e-06,2.496793040237888e-09,4.7e-06,3.435296304020822e-09,4.7e-06,4.297261142928479e-09,4.7e-06,4.762298009087754e-09,4.7e-06,5.233023379801535e-09
4.72e-06,2.510717070506583e-09,4.72e-06,3.452554076136822e-09,4.72e-06,4.318257993897074e-09,4.72e-06,4.783893803736082e-09,4.72e-06,5.255867350253104e-09
4.74e-06,2.524278736031351e-09,4.74e-06,3.469899987646485e-09,4.74e-06,4.339026072923144e-09,4.74e-06,4.80613098430093e-09,4.74e-06,5.280680943772766e-09
4.76e-06,2.537634581990149e-09,4.76e-06,3.486399980142799e-09,4.76e-06,4.359702876479761e-09,4.76e-06,4.829749063292042e-09,4.76e-06,5.30703019553112e-09
4.78e-06,2.55047837282227e-09,4.78e-06,3.504466218080892e-09,4.78e-06,4.380494662986826e-09,4.78e-06,4.852612065052515e-09,4.78e-06,5.330313195929574e-09
4.8e-06,2.56386940950231e-09,4.8e-06,3.521196988285006e-09,4.8e-06,4.401124051253978e-09,4.8e-06,4.875931274091927e-09,4.8e-06,5.354743167810642e-09
4.82e-06,2.577040404391721e-09,4.82e-06,3.538480890055809e-09,4.82e-06,4.421918434757432e-09,4.82e-06,4.8973013696153e-09,4.82e-06,5.379368880864361e-09
4.84e-06,2.590677690756431e-09,4.84e-06,3.555023422628499e-09,4.84e-06,4.441689103496988e-09,4.84e-06,4.919815798111538e-09,4.84e-06,5.401654824192714e-09
4.86e-06,2.603947082794556e-09,4.86e-06,3.573287136222523e-09,4.86e-06,4.463183886524156e-09,4.86e-06,4.943321221776836e-09,4.86e-06,5.428848178451894e-09
4.88e-06,2.617344645066894e-09,4.88e-06,3.590350570094365e-09,4.88e-06,4.484205827662113e-09,4.88e-06,4.965643575416475e-09,4.88e-06,5.451224032503121e-09
4.9e-06,2.631043110546334e-09,4.9e-06,3.607800951983674e-09,4.9e-06,4.50432469990606e-09,4.9e-06,4.988038438061376e-09,4.9e-06,5.47801612642021e-09
4.919999999999999e-06,2.644148973061443e-09,4.919999999999999e-06,3.625141341179799e-09,4.919999999999999e-06,4.525261022147259e-09,4.919999999999999e-06,5.010986280800139e-09,4.919999999999999e-06,5.503163743314278e-09
4.94e-06,2.656793427924392e-09,4.94e-06,3.642143067689897e-09,4.94e-06,4.546184937881402e-09,4.94e-06,5.03291721744257e-09,4.94e-06,5.527403832754984e-09
4.96e-06,2.670945212083039e-09,4.96e-06,3.659652682448789e-09,4.96e-06,4.567246871979898e-09,4.96e-06,5.055703349689418e-09,4.96e-06,5.55131911887321e-09
4.98e-06,2.684243266565564e-09,4.98e-06,3.676169743184745e-09,4.98e-06,4.587495065488261e-09,4.98e-06,5.078247622078821e-09,4.98e-06,5.575416650564376e-09
5e-06,2.696994537576239e-09,5e-06,3.693559989777825e-09,5e-06,4.608580104589058e-09,5e-06,5.101417154733646e-09,5e-06,5.600174252409035e-09
5.02e-06,2.711124407557837e-09,5.02e-06,3.711246312466454e-09,5.02e-06,4.629146482304724e-09,5.02e-06,5.123880704840645e-09,5.02e-06,5.624633088654441e-09
5.04e-06,2.723850649093623e-09,5.04e-06,3.728662431893239e-09,5.04e-06,4.650226768576441e-09,5.04e-06,5.146630463597628e-09,5.04e-06,5.649597410898119e-09
5.06e-06,2.73780125070081e-09,5.06e-06,3.745529119470131e-09,5.06e-06,4.670966528134329e-09,5.06e-06,5.16907999366007e-09,5.06e-06,5.674014358289415e-09
5.08e-06,2.750838034065205e-09,5.08e-06,3.763381494544221e-09,5.08e-06,4.691591629221372e-09,5.08e-06,5.191481207281278e-09,5.08e-06,5.698446265735496e-09
5.099999999999999e-06,2.763294445838429e-09,5.099999999999999e-06,3.780126985784281e-09,5.099999999999999e-06,4.7124066639869e-09,5.099999999999999e-06,5.214155524704845e-09,5.099999999999999e-06,5.722873548303917e-09
5.12e-06,2.777348441099725e-09,5.12e-06,3.797450776722069e-09,5.12e-06,4.733795064416197e-09,5.12e-06,5.237894059761496e-09,5.12e-06,5.747350487610704e-09
5.14e-06,2.791244416952932e-09,5.14e-06,3.81527405227953e-09,5.14e-06,4.754417488867618e-09,5.14e-06,5.259470582673898e-09,5.14e-06,5.772558688068573e-09
5.16e-06,2.803907796113514e-09,5.16e-06,3.832146657108451e-09,5.16e-06,4.774783338559795e-09,5.16e-06,5.282695833326205e-09,5.16e-06,5.796297458501555e-09
5.18e-06,2.817576678122132e-09,5.18e-06,3.849455043544753e-09,5.18e-06,4.795715654810424e-09,5.18e-06,5.305333586997473e-09,5.18e-06,5.820553707745185e-09
5.2e-06,2.830621054107309e-09,5.2e-06,3.867666072936915e-09,5.2e-06,4.816733270116488e-09,5.2e-06,5.328118505202998e-09,5.2e-06,5.844480634159405e-09
5.22e-06,2.84438161993828e-09,5.22e-06,3.884330245183798e-09,5.22e-06,4.837978172123528e-09,5.22e-06,5.350229249251234e-09,5.22e-06,5.869610945138676e-09
5.24e-06,2.858004922114768e-09,5.24e-06,3.90207282358381e-09,5.24e-06,4.858591300765314e-09,5.24e-06,5.373080466435266e-09,5.24e-06,5.895879188385136e-09
5.26e-06,2.870743957074194e-09,5.26e-06,3.919586310917991e-09,5.26e-06,4.879350799741181e-09,5.26e-06,5.39639648285819e-09,5.26e-06,5.918821823071149e-09
5.279999999999999e-06,2.884047246360316e-09,5.279999999999999e-06,3.936837096004019e-09,5.279999999999999e-06,4.900621419526202e-09,5.279999999999999e-06,5.419187839202677e-09,5.279999999999999e-06,5.943644140451769e-09
5.3e-06,2.89850470857528e-09,5.3e-06,3.954224670692962e-09,5.3e-06,4.920968350370145e-09,5.3e-06,5.44208581740347e-09,5.3e-06,5.968350845153202e-09
5.32e-06,2.911737025477499e-09,5.32e-06,3.971730346542258e-09,5.32e-06,4.94255432344832e-09,5.32e-06,5.464210799276998e-09,5.32e-06,5.991757623250723e-09
5.34e-06,2.9254650895117e-09,5.34e-06,3.988860754722183e-09,5.34e-06,4.962863759882946e-09,5.34e-06,5.4874375640218e-09,5.34e-06,6.01755820132204e-09
5.36e-06,2.938816287446975e-09,5.36e-06,4.005980118086623e-09,5.36e-06,4.98432424278123e-09,5.36e-06,5.510386744203639e-09,5.36e-06,6.042047950953992e-09
5.38e-06,2.951900688244677e-09,5.38e-06,4.023343973142748e-09,5.38e-06,5.005126801699783e-09,5.38e-06,5.532694739768711e-09,5.38e-06,6.067850745003281e-09
5.4e-06,2.965276064576898e-09,5.4e-06,4.040527669269724e-09,5.4e-06,5.026219207886823e-09,5.4e-06,5.556253740980926e-09,5.4e-06,6.090431638526766e-09
5.42e-06,2.979009302205999e-09,5.42e-06,4.058760012864577e-09,5.42e-06,5.04656114207964e-09,5.42e-06,5.578676128576806e-09,5.42e-06,6.115762440778968e-09
5.44e-06,2.992341377156447e-09,5.44e-06,4.075881665916104e-09,5.44e-06,5.067612959747853e-09,5.44e-06,5.601667263965598e-09,5.44e-06,6.140681678494968e-09
5.46e-06,3.004949970836255e-09,5.46e-06,4.093222232415369e-09,5.46e-06,5.088237027127502e-09,5.46e-06,5.624161026635433e-09,5.46e-06,6.165489714806999e-09
5.48e-06,3.019374772697018e-09,5.48e-06,4.111168669172083e-09,5.48e-06,5.10944690366043e-09,5.48e-06,5.647314362817054e-09,5.48e-06,6.191188481283347e-09
5.5e-06,3.031268273475227e-09,5.5e-06,4.128499494755196e-09,5.5e-06,5.130350232747675e-09,5.5e-06,5.670021071431182e-09,5.5e-06,6.215076331565628e-09
5.52e-06,3.045741041065158e-09,5.52e-06,4.145956594553665e-09,5.52e-06,5.151228603792934e-09,5.52e-06,5.69259521199143e-09,5.52e-06,6.239703182305605e-09
5.539999999999999e-06,3.059115640104963e-09,5.539999999999999e-06,4.162632368131374e-09,5.539999999999999e-06,5.172515440494278e-09,5.539999999999999e-06,5.715349026216401e-09,5.539999999999999e-06,6.264479459557799e-09
5.56e-06,3.072793398260298e-09,5.56e-06,4.180557924126874e-09,5.56e-06,5.193869593078646e-09,5.56e-06,5.738740457906996e-09,5.56e-06,6.289662238293078e-09
5.58e-06,3.086255120698477e-09,5.58e-06,4.197906778590127e-09,5.58e-06,5.214295817571463e-09,5.58e-06,5.76224276822172e-09,5.58e-06,6.314708478949992e-09
5.6e-06,3.100002417429575e-09,5.6e-06,4.215308354901081e-09,5.6e-06,5.235830208024024e-09,5.6e-06,5.785374598966582e-09,5.6e-06,6.338822610567198e-09
5.62e-06,3.11218531954847e-09,5.62e-06,4.23287897724331e-09,5.62e-06,5.256936174261831e-09,5.62e-06,5.807687410840655e-09,5.62e-06,6.365139316354162e-09
5.64e-06,3.126476860892639e-09,5.64e-06,4.249963956792297e-09,5.64e-06,5.27803909231583e-09,5.64e-06,5.829942598251901e-09,5.64e-06,6.388919098804297e-09
5.66e-06,3.140126668514215e-09,5.66e-06,4.267587758983667e-09,5.66e-06,5.298983464371363e-09,5.66e-06,5.853766159952811e-09,5.66e-06,6.413754668978042e-09
5.68e-06,3.15344870324854e-09,5.68e-06,4.285277104819114e-09,5.68e-06,5.319735553771538e-09,5.68e-06,5.876592560718607e-09,5.68e-06,6.438483493523757e-09
5.7e-06,3.166758280151243e-09,5.7e-06,4.301975145344153e-09,5.7e-06,5.340517698765527e-09,5.7e-06,5.898498363658564e-09,5.7e-06,6.464010669400151e-09
5.719999999999999e-06,3.180449321190207e-09,5.719999999999999e-06,4.320298583750222e-09,5.719999999999999e-06,5.361804368969384e-09,5.719999999999999e-06,5.92132667082422e-09,5.719999999999999e-06,6.489162373506514e-09
5.74e-06,3.193975488242248e-09,5.74e-06,4.337573402148112e-09,5.74e-06,5.382730921055331e-09,5.74e-06,5.944092592523201e-09,5.74e-06,6.513153305382943e-09
5.76e-06,3.207140358060191e-09,5.76e-06,4.35507142650808e-09,5.76e-06,5.403839635558219e-09,5.76e-06,5.96817597012708e-09,5.76e-06,6.538800250819471e-09
5.78e-06,3.220185799336662e-09,5.78e-06,4.372405175662193e-09,5.78e-06,5.424712828007178e-09,5.78e-06,5.989923628040532e-09,5.78e-06,6.563581844226076e-09
5.8e-06,3.234472309512605e-09,5.8e-06,4.389573534576002e-09,5.8e-06,5.446031380690105e-09,5.8e-06,6.014066616628992e-09,5.8e-06,6.588728235244692e-09
5.82e-06,3.24786849686497e-09,5.82e-06,4.407679541362623e-09,5.82e-06,5.466957882593003e-09,5.82e-06,6.036101032971298e-09,5.82e-06,6.613373634827346e-09
5.84e-06,3.260688171065555e-09,5.84e-06,4.425088467482127e-09,5.84e-06,5.488835839239649e-09,5.84e-06,6.059282805859788e-09,5.84e-06,6.637994273505709e-09
5.86e-06,3.273956310229254e-09,5.86e-06,4.442663602692729e-09,5.86e-06,5.509879583882105e-09,5.86e-06,6.083527155318934e-09,5.86e-06,6.662804961511906e-09
5.88e-06,3.287635836155309e-09,5.88e-06,4.459772590896214e-09,5.88e-06,5.530409777440026e-09,5.88e-06,6.105255149086753e-09,5.88e-06,6.687836162768827e-09
5.9e-06,3.301084013988249e-09,5.9e-06,4.476817457066763e-09,5.9e-06,5.551621851116311e-09,5.9e-06,6.128465820239047e-09,5.9e-06,6.712563889902595e-09
5.92e-06,3.315413236481297e-09,5.92e-06,4.495202909447948e-09,5.92e-06,5.572769021744312e-09,5.92e-06,6.151297997363222e-09,5.92e-06,6.737718562811677e-09
5.94e-06,3.328939737580315e-09,5.94e-06,4.511869421768519e-09,5.94e-06,5.593796718815243e-09,5.94e-06,6.174055168190865e-09,5.94e-06,6.762510655024893e-09
5.96e-06,3.342526068330171e-09,5.96e-06,4.530245322173123e-09,5.96e-06,5.614952176143566e-09,5.96e-06,6.19791571844537e-09,5.96e-06,6.78734923258738e-09
5.979999999999999e-06,3.355655159214509e-09,5.979999999999999e-06,4.547262185064059e-09,5.979999999999999e-06,5.636025233945366e-09,5.979999999999999e-06,6.219972140406685e-09,5.979999999999999e-06,6.812485854293297e-09
6e-06,3.369575401847765e-09,6e-06,4.565256230454362e-09,6e-06,5.657419454768453e-09,6e-06,6.243738132353355e-09,6e-06,6.836683542048297e-09
6.02e-06,3.38314220850879e-09,6.02e-06,4.582971865892405e-09,6.02e-06,5.678235801843916e-09,6.02e-06,6.266484387641663e-09,6.02e-06,6.861635276383334e-09
6.04e-06,3.396730839351024e-09,6.04e-06,4.600833335818834e-09,6.04e-06,5.699760227289298e-09,6.04e-06,6.289525706549303e-09,6.04e-06,6.887128928139644e-09
6.06e-06,3.409212938620494e-09,6.06e-06,4.616932276127634e-09,6.06e-06,5.720760400321408e-09,6.06e-06,6.312732834759279e-09,6.06e-06,6.912329294090708e-09
6.08e-06,3.423105279797303e-09,6.08e-06,4.635092713102951e-09,6.08e-06,5.741766913197229e-09,6.08e-06,6.335683588057409e-09,6.08e-06,6.936934050739834e-09
6.1e-06,3.436938545346539e-09,6.1e-06,4.652937512251616e-09,6.1e-06,5.763047415145202e-09,6.1e-06,6.359674358889527e-09,6.1e-06,6.961176417519653e-09
