Point,Corner,d0,d2,d1,d3,d4,mc_iteration,delay,P_avg,P_out
621,tt_mc,1,1,1,1,0,1,1.33966E-08,8.75196E-07,2.10678E-08
301,tt_mc,0,1,1,1,0,1,1.30875E-08,9.09261E-07,1.89374E-08
541,tt_mc,1,1,0,1,0,1,1.27728E-08,8.65546E-07,1.40241E-08
221,tt_mc,0,1,0,1,0,1,1.246E-08,8.94334E-07,2.19486E-08
461,tt_mc,1,0,1,1,0,1,1.21576E-08,8.39724E-07,9.12495E-09
141,tt_mc,0,0,1,1,0,1,1.18397E-08,8.47987E-07,1.65762E-08
381,tt_mc,1,0,0,1,0,1,1.15206E-08,8.88101E-07,2.42359E-08
61,tt_mc,0,0,0,1,0,1,1.11989E-08,8.79666E-07,2.26743E-08
581,tt_mc,1,1,1,0,0,1,1.0877E-08,9.26631E-07,3.00161E-08
261,tt_mc,0,1,1,0,0,1,1.05541E-08,9.46596E-07,3.04919E-08
501,tt_mc,1,1,0,0,0,1,1.02333E-08,8.80803E-07,2.17148E-08
181,tt_mc,0,1,0,0,0,1,9.91278E-09,8.76433E-07,3.38835E-08
421,tt_mc,1,0,1,0,0,1,9.5986E-09,8.62551E-07,2.44562E-08
101,tt_mc,0,0,1,0,0,1,9.27874E-09,8.96376E-07,2.80809E-08
341,tt_mc,1,0,0,0,0,1,8.96146E-09,8.35113E-07,2.15875E-08
21,tt_mc,0,0,0,0,0,1,8.65139E-09,8.08825E-07,2.19448E-08
601,tt_mc,1,1,1,1,1,1,8.64565E-09,8.06689E-07,2.73024E-08
281,tt_mc,0,1,1,1,1,1,8.33692E-09,8.23148E-07,2.06443E-08
521,tt_mc,1,1,0,1,1,1,8.02831E-09,8.6754E-07,2.56628E-08
201,tt_mc,0,1,0,1,1,1,7.72389E-09,9.45298E-07,4.56982E-08
441,tt_mc,1,0,1,1,1,1,7.42251E-09,8.50915E-07,2.69966E-08
121,tt_mc,0,0,1,1,1,1,7.12442E-09,9.5546E-07,4.4118E-08
361,tt_mc,1,0,0,1,1,1,6.80853E-09,8.31059E-07,2.95614E-08
41,tt_mc,0,0,0,1,1,1,6.53497E-09,7.84793E-07,2.2699E-08
561,tt_mc,1,1,1,0,1,1,6.24162E-09,7.79987E-07,1.84935E-08
241,tt_mc,0,1,1,0,1,1,5.95016E-09,8.58059E-07,3.05262E-08
481,tt_mc,1,1,0,0,1,1,5.61888E-09,8.69417E-07,3.23342E-08
161,tt_mc,0,1,0,0,1,1,5.37008E-09,9.21372E-07,4.4742E-08
401,tt_mc,1,0,1,0,1,1,5.07195E-09,9.44899E-07,4.57204E-08
81,tt_mc,0,0,1,0,1,1,4.74666E-09,8.68279E-07,3.51895E-08
321,tt_mc,1,0,0,0,1,1,4.45417E-09,8.65991E-07,3.885E-08
1,tt_mc,0,0,0,0,1,1,4.17793E-09,8.72036E-07,3.74478E-08
622,tt_mc,1,1,1,1,0,2,1.33955E-08,8.76651E-07,1.49933E-08
302,tt_mc,0,1,1,1,0,2,1.30915E-08,9.08555E-07,1.71466E-08
542,tt_mc,1,1,0,1,0,2,1.27751E-08,8.88453E-07,2.10106E-08
222,tt_mc,0,1,0,1,0,2,1.24641E-08,8.63814E-07,1.48625E-08
462,tt_mc,1,0,1,1,0,2,1.21611E-08,8.72639E-07,2.07353E-08
142,tt_mc,0,0,1,1,0,2,1.18409E-08,8.93672E-07,2.00641E-08
382,tt_mc,1,0,0,1,0,2,1.15213E-08,8.80925E-07,2.21913E-08
62,tt_mc,0,0,0,1,0,2,1.11967E-08,8.74276E-07,2.24153E-08
582,tt_mc,1,1,1,0,0,2,1.08766E-08,8.45636E-07,2.33775E-08
262,tt_mc,0,1,1,0,0,2,1.05616E-08,8.96713E-07,2.6408E-08
502,tt_mc,1,1,0,0,0,2,1.02395E-08,8.68281E-07,2.30143E-08
182,tt_mc,0,1,0,0,0,2,9.91818E-09,8.6286E-07,2.00698E-08
422,tt_mc,1,0,1,0,0,2,9.591E-09,8.92866E-07,3.14736E-08
102,tt_mc,0,0,1,0,0,2,9.27703E-09,9.094E-07,2.78944E-08
342,tt_mc,1,0,0,0,0,2,8.96588E-09,8.66005E-07,2.93123E-08
22,tt_mc,0,0,0,0,0,2,8.65196E-09,8.08835E-07,2.25542E-08
602,tt_mc,1,1,1,1,1,2,8.65176E-09,8.09237E-07,2.06499E-08
282,tt_mc,0,1,1,1,1,2,8.33847E-09,8.30104E-07,2.17694E-08
522,tt_mc,1,1,0,1,1,2,8.03173E-09,8.63507E-07,2.58593E-08
202,tt_mc,0,1,0,1,1,2,7.72398E-09,9.26793E-07,3.66499E-08
442,tt_mc,1,0,1,1,1,2,7.42087E-09,9.02378E-07,3.05833E-08
122,tt_mc,0,0,1,1,1,2,7.12972E-09,9.1176E-07,4.08424E-08
362,tt_mc,1,0,0,1,1,2,6.8323E-09,8.41133E-07,2.549E-08
42,tt_mc,0,0,0,1,1,2,6.53459E-09,8.66974E-07,3.27517E-08
562,tt_mc,1,1,1,0,1,2,6.23602E-09,8.97289E-07,3.57015E-08
242,tt_mc,0,1,1,0,1,2,5.94707E-09,9.2125E-07,4.19033E-08
482,tt_mc,1,1,0,0,1,2,5.65866E-09,8.69919E-07,3.70397E-08
162,tt_mc,0,1,0,0,1,2,5.36935E-09,9.18855E-07,4.65029E-08
402,tt_mc,1,0,1,0,1,2,5.07104E-09,9.99205E-07,5.25687E-08
82,tt_mc,0,0,1,0,1,2,4.74261E-09,9.67385E-07,4.18794E-08
322,tt_mc,1,0,0,0,1,2,4.49946E-09,8.97279E-07,4.26123E-08
2,tt_mc,0,0,0,0,1,2,4.20752E-09,8.20726E-07,3.86358E-08
623,tt_mc,1,1,1,1,0,3,1.33891E-08,8.75535E-07,1.67149E-08
303,tt_mc,0,1,1,1,0,3,1.30929E-08,9.27353E-07,1.92756E-08
543,tt_mc,1,1,0,1,0,3,1.27737E-08,8.62823E-07,1.96385E-08
223,tt_mc,0,1,0,1,0,3,1.24634E-08,8.70142E-07,1.60498E-08
463,tt_mc,1,0,1,1,0,3,1.21593E-08,9.24737E-07,2.4064E-08
143,tt_mc,0,0,1,1,0,3,1.18339E-08,8.62147E-07,1.83288E-08
383,tt_mc,1,0,0,1,0,3,1.15237E-08,9.11348E-07,2.25895E-08
63,tt_mc,0,0,0,1,0,3,1.11968E-08,8.73735E-07,1.99563E-08
583,tt_mc,1,1,1,0,0,3,1.08764E-08,8.80502E-07,2.12627E-08
263,tt_mc,0,1,1,0,0,3,1.05628E-08,9.01242E-07,2.03678E-08
503,tt_mc,1,1,0,0,0,3,1.02402E-08,8.75495E-07,2.56316E-08
183,tt_mc,0,1,0,0,0,3,9.91575E-09,9.41416E-07,3.61207E-08
423,tt_mc,1,0,1,0,0,3,9.59346E-09,8.55008E-07,2.66426E-08
103,tt_mc,0,0,1,0,0,3,9.2756E-09,9.40454E-07,3.33067E-08
343,tt_mc,1,0,0,0,0,3,8.96937E-09,9.18505E-07,2.87098E-08
23,tt_mc,0,0,0,0,0,3,8.6537E-09,8.09285E-07,2.64992E-08
603,tt_mc,1,1,1,1,1,3,8.64866E-09,8.08081E-07,2.45774E-08
283,tt_mc,0,1,1,1,1,3,8.34123E-09,8.39958E-07,2.41408E-08
523,tt_mc,1,1,0,1,1,3,8.02805E-09,8.85656E-07,2.7093E-08
203,tt_mc,0,1,0,1,1,3,7.72026E-09,8.66833E-07,2.91948E-08
443,tt_mc,1,0,1,1,1,3,7.42417E-09,9.53013E-07,3.52587E-08
123,tt_mc,0,0,1,1,1,3,7.12667E-09,8.82614E-07,3.07476E-08
363,tt_mc,1,0,0,1,1,3,6.80938E-09,8.11094E-07,2.3842E-08
43,tt_mc,0,0,0,1,1,3,6.53528E-09,8.79257E-07,2.62134E-08
563,tt_mc,1,1,1,0,1,3,6.20821E-09,8.56667E-07,2.71183E-08
243,tt_mc,0,1,1,0,1,3,5.95126E-09,9.03221E-07,3.03488E-08
483,tt_mc,1,1,0,0,1,3,5.65837E-09,8.48446E-07,2.87015E-08
163,tt_mc,0,1,0,0,1,3,5.3601E-09,9.61068E-07,4.70932E-08
403,tt_mc,1,0,1,0,1,3,5.04243E-09,8.72553E-07,3.55595E-08
83,tt_mc,0,0,1,0,1,3,4.7798E-09,8.85979E-07,4.13081E-08
323,tt_mc,1,0,0,0,1,3,4.48329E-09,9.78715E-07,4.62281E-08
3,tt_mc,0,0,0,0,1,3,4.16137E-09,7.89879E-07,2.82979E-08
624,tt_mc,1,1,1,1,0,4,1.33979E-08,9.12739E-07,1.87069E-08
304,tt_mc,0,1,1,1,0,4,1.30937E-08,8.84076E-07,1.7691E-08
544,tt_mc,1,1,0,1,0,4,1.27718E-08,8.58797E-07,1.80869E-08
224,tt_mc,0,1,0,1,0,4,1.24613E-08,8.70707E-07,1.81391E-08
464,tt_mc,1,0,1,1,0,4,1.21518E-08,8.75374E-07,2.21139E-08
144,tt_mc,0,0,1,1,0,4,1.18326E-08,8.78412E-07,2.37383E-08
384,tt_mc,1,0,0,1,0,4,1.15204E-08,8.74425E-07,2.09244E-08
64,tt_mc,0,0,0,1,0,4,1.11932E-08,8.55267E-07,2.18269E-08
584,tt_mc,1,1,1,0,0,4,1.08862E-08,9.75011E-07,3.22295E-08
264,tt_mc,0,1,1,0,0,4,1.05546E-08,8.89302E-07,2.82752E-08
504,tt_mc,1,1,0,0,0,4,1.02338E-08,8.81786E-07,2.56354E-08
184,tt_mc,0,1,0,0,0,4,9.9145E-09,9.19175E-07,2.48175E-08
424,tt_mc,1,0,1,0,0,4,9.59343E-09,9.141E-07,3.47454E-08
104,tt_mc,0,0,1,0,0,4,9.27675E-09,9.06027E-07,3.07701E-08
344,tt_mc,1,0,0,0,0,4,8.96181E-09,9.29969E-07,3.45406E-08
604,tt_mc,1,1,1,1,1,4,8.64886E-09,8.07579E-07,2.33815E-08
24,tt_mc,0,0,0,0,0,4,8.64881E-09,8.07613E-07,2.79344E-08
284,tt_mc,0,1,1,1,1,4,8.3427E-09,9.26398E-07,3.17456E-08
524,tt_mc,1,1,0,1,1,4,8.02881E-09,8.61289E-07,2.78357E-08
204,tt_mc,0,1,0,1,1,4,7.72474E-09,9.17973E-07,3.97327E-08
444,tt_mc,1,0,1,1,1,4,7.42434E-09,9.23443E-07,3.62922E-08
124,tt_mc,0,0,1,1,1,4,7.12389E-09,9.44403E-07,4.08727E-08
364,tt_mc,1,0,0,1,1,4,6.82022E-09,9.19191E-07,3.96639E-08
44,tt_mc,0,0,0,1,1,4,6.53896E-09,9.61005E-07,4.44533E-08
564,tt_mc,1,1,1,0,1,4,6.23534E-09,8.92291E-07,4.09139E-08
244,tt_mc,0,1,1,0,1,4,5.94219E-09,7.7738E-07,2.17023E-08
484,tt_mc,1,1,0,0,1,4,5.66189E-09,8.4298E-07,3.72434E-08
164,tt_mc,0,1,0,0,1,4,5.3625E-09,8.59721E-07,4.03229E-08
404,tt_mc,1,0,1,0,1,4,5.07449E-09,9.2884E-07,4.2188E-08
84,tt_mc,0,0,1,0,1,4,4.78912E-09,8.59902E-07,3.83699E-08
324,tt_mc,1,0,0,0,1,4,4.49978E-09,9.11643E-07,2.70569E-08
4,tt_mc,0,0,0,0,1,4,4.16057E-09,8.41032E-07,3.38369E-08
625,tt_mc,1,1,1,1,0,5,1.3388E-08,9.07671E-07,1.87181E-08
305,tt_mc,0,1,1,1,0,5,1.30825E-08,8.60479E-07,1.29803E-08
545,tt_mc,1,1,0,1,0,5,1.27717E-08,8.68339E-07,1.91841E-08
225,tt_mc,0,1,0,1,0,5,1.24605E-08,8.48026E-07,1.88865E-08
465,tt_mc,1,0,1,1,0,5,1.21565E-08,8.55187E-07,1.22289E-08
145,tt_mc,0,0,1,1,0,5,1.18399E-08,8.49332E-07,1.9252E-08
385,tt_mc,1,0,0,1,0,5,1.1524E-08,8.7493E-07,1.95376E-08
65,tt_mc,0,0,0,1,0,5,1.11976E-08,8.41079E-07,1.8977E-08
585,tt_mc,1,1,1,0,0,5,1.0884E-08,9.23296E-07,2.60063E-08
265,tt_mc,0,1,1,0,0,5,1.0558E-08,9.05819E-07,2.92481E-08
505,tt_mc,1,1,0,0,0,5,1.02304E-08,8.51484E-07,2.18137E-08
185,tt_mc,0,1,0,0,0,5,9.91187E-09,8.81862E-07,2.95421E-08
425,tt_mc,1,0,1,0,0,5,9.59148E-09,8.77793E-07,2.61683E-08
105,tt_mc,0,0,1,0,0,5,9.27625E-09,9.18032E-07,3.15591E-08
345,tt_mc,1,0,0,0,0,5,8.96572E-09,8.62631E-07,2.80259E-08
605,tt_mc,1,1,1,1,1,5,8.64805E-09,8.07701E-07,2.08454E-08
25,tt_mc,0,0,0,0,0,5,8.64537E-09,8.07674E-07,2.257E-08
285,tt_mc,0,1,1,1,1,5,8.34148E-09,8.10482E-07,1.96528E-08
525,tt_mc,1,1,0,1,1,5,8.03141E-09,8.86887E-07,2.71843E-08
205,tt_mc,0,1,0,1,1,5,7.72339E-09,8.5607E-07,3.18714E-08
445,tt_mc,1,0,1,1,1,5,7.42423E-09,9.22699E-07,4.03604E-08
125,tt_mc,0,0,1,1,1,5,7.13022E-09,9.20063E-07,3.69691E-08
365,tt_mc,1,0,0,1,1,5,6.82681E-09,8.61976E-07,2.94794E-08
45,tt_mc,0,0,0,1,1,5,6.52193E-09,8.39486E-07,3.43694E-08
565,tt_mc,1,1,1,0,1,5,6.23145E-09,9.11743E-07,3.68364E-08
245,tt_mc,0,1,1,0,1,5,5.94817E-09,8.91785E-07,3.96518E-08
485,tt_mc,1,1,0,0,1,5,5.65864E-09,9.45004E-07,4.50792E-08
165,tt_mc,0,1,0,0,1,5,5.3571E-09,8.91776E-07,4.0722E-08
405,tt_mc,1,0,1,0,1,5,5.07242E-09,9.6309E-07,4.45282E-08
85,tt_mc,0,0,1,0,1,5,4.788E-09,8.9973E-07,4.79896E-08
325,tt_mc,1,0,0,0,1,5,4.49508E-09,8.96359E-07,4.2828E-08
5,tt_mc,0,0,0,0,1,5,4.19569E-09,9.0384E-07,4.38459E-08
626,tt_mc,1,1,1,1,0,6,1.33971E-08,9.38616E-07,2.37178E-08
306,tt_mc,0,1,1,1,0,6,1.30807E-08,9.28255E-07,2.14781E-08
546,tt_mc,1,1,0,1,0,6,1.27744E-08,8.89458E-07,1.8111E-08
226,tt_mc,0,1,0,1,0,6,1.24615E-08,9.08639E-07,1.83695E-08
466,tt_mc,1,0,1,1,0,6,1.21545E-08,8.77032E-07,1.62799E-08
146,tt_mc,0,0,1,1,0,6,1.18293E-08,8.67787E-07,1.63771E-08
386,tt_mc,1,0,0,1,0,6,1.15219E-08,9.50176E-07,2.61915E-08
66,tt_mc,0,0,0,1,0,6,1.11946E-08,9.05611E-07,2.42679E-08
586,tt_mc,1,1,1,0,0,6,1.08853E-08,8.94416E-07,2.78618E-08
266,tt_mc,0,1,1,0,0,6,1.05618E-08,8.77614E-07,2.46776E-08
506,tt_mc,1,1,0,0,0,6,1.02416E-08,8.72092E-07,2.29334E-08
186,tt_mc,0,1,0,0,0,6,9.92211E-09,8.1338E-07,1.63226E-08
426,tt_mc,1,0,1,0,0,6,9.598E-09,8.80034E-07,1.95802E-08
106,tt_mc,0,0,1,0,0,6,9.27554E-09,9.31668E-07,3.01122E-08
346,tt_mc,1,0,0,0,0,6,8.96229E-09,8.93142E-07,2.78418E-08
606,tt_mc,1,1,1,1,1,6,8.64798E-09,8.0729E-07,2.68795E-08
26,tt_mc,0,0,0,0,0,6,8.64798E-09,8.07837E-07,2.65334E-08
286,tt_mc,0,1,1,1,1,6,8.34193E-09,9.41616E-07,3.60375E-08
526,tt_mc,1,1,0,1,1,6,8.03007E-09,9.14953E-07,3.29508E-08
206,tt_mc,0,1,0,1,1,6,7.72287E-09,9.09769E-07,3.41829E-08
446,tt_mc,1,0,1,1,1,6,7.42331E-09,8.48242E-07,1.93064E-08
126,tt_mc,0,0,1,1,1,6,7.12252E-09,9.17761E-07,4.19859E-08
366,tt_mc,1,0,0,1,1,6,6.82192E-09,8.52095E-07,3.17362E-08
46,tt_mc,0,0,0,1,1,6,6.53389E-09,8.51651E-07,2.83323E-08
566,tt_mc,1,1,1,0,1,6,6.2155E-09,8.52192E-07,2.4641E-08
246,tt_mc,0,1,1,0,1,6,5.94654E-09,1.00052E-06,5.18481E-08
486,tt_mc,1,1,0,0,1,6,5.66119E-09,8.86389E-07,4.0619E-08
166,tt_mc,0,1,0,0,1,6,5.36918E-09,8.61268E-07,3.68299E-08
406,tt_mc,1,0,1,0,1,6,5.07189E-09,9.54346E-07,4.36965E-08
86,tt_mc,0,0,1,0,1,6,4.77426E-09,8.22304E-07,3.58223E-08
326,tt_mc,1,0,0,0,1,6,4.48795E-09,9.36654E-07,3.99566E-08
6,tt_mc,0,0,0,0,1,6,4.19957E-09,7.60329E-07,1.62525E-08
627,tt_mc,1,1,1,1,0,7,1.33965E-08,8.79083E-07,1.70116E-08
307,tt_mc,0,1,1,1,0,7,1.30827E-08,8.76643E-07,1.81294E-08
547,tt_mc,1,1,0,1,0,7,1.27731E-08,9.12872E-07,2.11285E-08
227,tt_mc,0,1,0,1,0,7,1.24622E-08,8.72048E-07,1.7077E-08
467,tt_mc,1,0,1,1,0,7,1.21476E-08,8.62418E-07,1.87077E-08
147,tt_mc,0,0,1,1,0,7,1.18416E-08,8.39222E-07,1.05128E-08
387,tt_mc,1,0,0,1,0,7,1.15215E-08,8.68204E-07,1.93958E-08
67,tt_mc,0,0,0,1,0,7,1.1198E-08,8.86716E-07,2.47159E-08
587,tt_mc,1,1,1,0,0,7,1.08743E-08,9.60744E-07,2.90343E-08
267,tt_mc,0,1,1,0,0,7,1.05515E-08,9.03497E-07,2.19571E-08
507,tt_mc,1,1,0,0,0,7,1.02332E-08,8.78228E-07,2.49095E-08
187,tt_mc,0,1,0,0,0,7,9.91721E-09,8.45665E-07,2.00397E-08
427,tt_mc,1,0,1,0,0,7,9.59306E-09,8.95098E-07,3.18029E-08
107,tt_mc,0,0,1,0,0,7,9.27472E-09,8.86694E-07,2.65555E-08
347,tt_mc,1,0,0,0,0,7,8.96552E-09,8.82221E-07,2.81542E-08
27,tt_mc,0,0,0,0,0,7,8.65281E-09,8.09574E-07,2.45761E-08
607,tt_mc,1,1,1,1,1,7,8.64808E-09,8.08414E-07,2.04538E-08
287,tt_mc,0,1,1,1,1,7,8.34159E-09,8.61386E-07,2.73975E-08
527,tt_mc,1,1,0,1,1,7,8.03204E-09,9.25904E-07,3.52903E-08
207,tt_mc,0,1,0,1,1,7,7.7274E-09,8.96524E-07,3.54906E-08
447,tt_mc,1,0,1,1,1,7,7.42402E-09,8.63266E-07,3.43666E-08
127,tt_mc,0,0,1,1,1,7,7.12904E-09,9.03628E-07,3.02608E-08
367,tt_mc,1,0,0,1,1,7,6.81335E-09,8.09168E-07,2.57235E-08
47,tt_mc,0,0,0,1,1,7,6.53387E-09,8.71951E-07,3.42727E-08
567,tt_mc,1,1,1,0,1,7,6.2366E-09,8.78044E-07,3.24394E-08
247,tt_mc,0,1,1,0,1,7,5.92641E-09,9.03032E-07,3.64872E-08
487,tt_mc,1,1,0,0,1,7,5.66293E-09,1.00996E-06,4.75413E-08
167,tt_mc,0,1,0,0,1,7,5.31859E-09,8.91813E-07,3.53691E-08
407,tt_mc,1,0,1,0,1,7,5.06864E-09,8.72518E-07,4.62628E-08
87,tt_mc,0,0,1,0,1,7,4.78255E-09,7.87466E-07,3.26746E-08
327,tt_mc,1,0,0,0,1,7,4.46301E-09,8.03179E-07,2.81676E-08
7,tt_mc,0,0,0,0,1,7,4.1964E-09,9.10902E-07,3.83165E-08
628,tt_mc,1,1,1,1,0,8,1.33908E-08,8.76456E-07,1.57172E-08
308,tt_mc,0,1,1,1,0,8,1.30846E-08,8.55364E-07,1.94408E-08
548,tt_mc,1,1,0,1,0,8,1.27782E-08,8.94805E-07,2.14687E-08
228,tt_mc,0,1,0,1,0,8,1.24657E-08,9.01448E-07,1.64947E-08
468,tt_mc,1,0,1,1,0,8,1.21573E-08,8.80237E-07,1.36898E-08
148,tt_mc,0,0,1,1,0,8,1.18392E-08,8.65877E-07,1.86289E-08
388,tt_mc,1,0,0,1,0,8,1.15189E-08,8.58456E-07,2.05372E-08
68,tt_mc,0,0,0,1,0,8,1.12085E-08,9.0824E-07,2.2761E-08
588,tt_mc,1,1,1,0,0,8,1.08852E-08,9.16563E-07,2.94531E-08
268,tt_mc,0,1,1,0,0,8,1.05626E-08,8.45365E-07,1.63986E-08
508,tt_mc,1,1,0,0,0,8,1.02371E-08,8.86667E-07,2.42881E-08
188,tt_mc,0,1,0,0,0,8,9.92012E-09,8.23792E-07,2.70008E-08
428,tt_mc,1,0,1,0,0,8,9.58922E-09,8.42142E-07,2.54602E-08
108,tt_mc,0,0,1,0,0,8,9.27423E-09,9.19952E-07,3.15699E-08
348,tt_mc,1,0,0,0,0,8,8.96781E-09,9.18702E-07,3.51268E-08
28,tt_mc,0,0,0,0,0,8,8.64884E-09,8.07216E-07,2.32469E-08
608,tt_mc,1,1,1,1,1,8,8.64884E-09,8.07218E-07,2.32697E-08
288,tt_mc,0,1,1,1,1,8,8.34135E-09,8.44706E-07,2.29948E-08
528,tt_mc,1,1,0,1,1,8,8.03401E-09,8.69593E-07,2.975E-08
208,tt_mc,0,1,0,1,1,8,7.72777E-09,8.56901E-07,3.26609E-08
448,tt_mc,1,0,1,1,1,8,7.42503E-09,9.15781E-07,3.28017E-08
128,tt_mc,0,0,1,1,1,8,7.12559E-09,9.68105E-07,4.29104E-08
368,tt_mc,1,0,0,1,1,8,6.82944E-09,8.87872E-07,3.6219E-08
48,tt_mc,0,0,0,1,1,8,6.53861E-09,8.33859E-07,2.84484E-08
568,tt_mc,1,1,1,0,1,8,6.23521E-09,8.00168E-07,2.93071E-08
248,tt_mc,0,1,1,0,1,8,5.93876E-09,9.43031E-07,4.16776E-08
488,tt_mc,1,1,0,0,1,8,5.66001E-09,8.83674E-07,3.81963E-08
168,tt_mc,0,1,0,0,1,8,5.36809E-09,8.83327E-07,4.08965E-08
408,tt_mc,1,0,1,0,1,8,5.04894E-09,9.16926E-07,4.21718E-08
88,tt_mc,0,0,1,0,1,8,4.77109E-09,9.46732E-07,4.06526E-08
328,tt_mc,1,0,0,0,1,8,4.49501E-09,7.87341E-07,2.26523E-08
8,tt_mc,0,0,0,0,1,8,4.20051E-09,8.58699E-07,3.99758E-08
629,tt_mc,1,1,1,1,0,9,1.33989E-08,8.66727E-07,1.63638E-08
309,tt_mc,0,1,1,1,0,9,1.30857E-08,8.69907E-07,1.46811E-08
549,tt_mc,1,1,0,1,0,9,1.27759E-08,8.66139E-07,1.87426E-08
229,tt_mc,0,1,0,1,0,9,1.24625E-08,8.60405E-07,2.17266E-08
469,tt_mc,1,0,1,1,0,9,1.21482E-08,9.25112E-07,2.20719E-08
149,tt_mc,0,0,1,1,0,9,1.18335E-08,8.98908E-07,2.10162E-08
389,tt_mc,1,0,0,1,0,9,1.15241E-08,9.21679E-07,2.67528E-08
69,tt_mc,0,0,0,1,0,9,1.11978E-08,8.59887E-07,1.96168E-08
589,tt_mc,1,1,1,0,0,9,1.08817E-08,8.64574E-07,2.4088E-08
269,tt_mc,0,1,1,0,0,9,1.0553E-08,8.8121E-07,2.204E-08
509,tt_mc,1,1,0,0,0,9,1.02406E-08,8.29604E-07,2.05524E-08
189,tt_mc,0,1,0,0,0,9,9.91804E-09,9.76654E-07,3.8725E-08
429,tt_mc,1,0,1,0,0,9,9.59028E-09,9.23557E-07,3.73618E-08
109,tt_mc,0,0,1,0,0,9,9.27336E-09,9.70154E-07,3.88551E-08
349,tt_mc,1,0,0,0,0,9,8.96093E-09,9.16001E-07,2.52689E-08
29,tt_mc,0,0,0,0,0,9,8.64565E-09,8.07175E-07,2.2719E-08
609,tt_mc,1,1,1,1,1,9,8.64564E-09,8.07445E-07,2.29778E-08
289,tt_mc,0,1,1,1,1,9,8.34312E-09,8.98012E-07,3.30895E-08
529,tt_mc,1,1,0,1,1,9,8.03134E-09,8.51696E-07,2.61573E-08
209,tt_mc,0,1,0,1,1,9,7.72605E-09,8.80419E-07,3.59433E-08
449,tt_mc,1,0,1,1,1,9,7.42242E-09,9.42103E-07,4.5839E-08
129,tt_mc,0,0,1,1,1,9,7.12484E-09,8.68025E-07,3.17583E-08
369,tt_mc,1,0,0,1,1,9,6.80554E-09,7.89158E-07,2.70276E-08
49,tt_mc,0,0,0,1,1,9,6.52934E-09,8.83054E-07,2.71558E-08
569,tt_mc,1,1,1,0,1,9,6.23878E-09,9.09862E-07,3.76743E-08
249,tt_mc,0,1,1,0,1,9,5.94965E-09,8.67883E-07,3.87699E-08
489,tt_mc,1,1,0,0,1,9,5.65571E-09,8.92744E-07,4.32127E-08
169,tt_mc,0,1,0,0,1,9,5.35798E-09,8.38065E-07,2.89215E-08
409,tt_mc,1,0,1,0,1,9,5.06652E-09,8.75631E-07,4.30489E-08
89,tt_mc,0,0,1,0,1,9,4.75824E-09,8.6134E-07,4.09828E-08
329,tt_mc,1,0,0,0,1,9,4.47136E-09,8.06144E-07,2.2813E-08
9,tt_mc,0,0,0,0,1,9,4.20248E-09,8.80513E-07,4.80096E-08
630,tt_mc,1,1,1,1,0,10,1.33955E-08,8.84061E-07,1.39899E-08
310,tt_mc,0,1,1,1,0,10,1.30883E-08,8.85541E-07,1.89653E-08
550,tt_mc,1,1,0,1,0,10,1.278E-08,8.96234E-07,2.06605E-08
230,tt_mc,0,1,0,1,0,10,1.24658E-08,8.85614E-07,1.89352E-08
470,tt_mc,1,0,1,1,0,10,1.21635E-08,8.75841E-07,1.83583E-08
150,tt_mc,0,0,1,1,0,10,1.18358E-08,9.16338E-07,2.28049E-08
390,tt_mc,1,0,0,1,0,10,1.15212E-08,9.67752E-07,3.494E-08
70,tt_mc,0,0,0,1,0,10,1.12001E-08,8.72808E-07,1.76022E-08
590,tt_mc,1,1,1,0,0,10,1.08795E-08,8.75401E-07,2.31112E-08
270,tt_mc,0,1,1,0,0,10,1.05634E-08,8.99839E-07,3.10828E-08
510,tt_mc,1,1,0,0,0,10,1.02439E-08,8.74721E-07,2.69765E-08
190,tt_mc,0,1,0,0,0,10,9.91946E-09,8.12942E-07,1.53109E-08
430,tt_mc,1,0,1,0,0,10,9.59318E-09,8.903E-07,2.9777E-08
110,tt_mc,0,0,1,0,0,10,9.27803E-09,9.13368E-07,3.35095E-08
350,tt_mc,1,0,0,0,0,10,8.96718E-09,8.99913E-07,3.17996E-08
30,tt_mc,0,0,0,0,0,10,8.65197E-09,8.095E-07,2.34427E-08
610,tt_mc,1,1,1,1,1,10,8.65136E-09,8.09642E-07,2.13912E-08
290,tt_mc,0,1,1,1,1,10,8.33828E-09,8.92394E-07,3.71159E-08
530,tt_mc,1,1,0,1,1,10,8.02655E-09,8.57746E-07,2.98871E-08
210,tt_mc,0,1,0,1,1,10,7.72565E-09,1.00075E-06,4.37199E-08
450,tt_mc,1,0,1,1,1,10,7.42737E-09,9.72035E-07,4.01704E-08
130,tt_mc,0,0,1,1,1,10,7.12729E-09,9.35816E-07,4.19726E-08
370,tt_mc,1,0,0,1,1,10,6.82596E-09,8.11727E-07,2.47957E-08
50,tt_mc,0,0,0,1,1,10,6.52927E-09,9.59895E-07,3.80611E-08
570,tt_mc,1,1,1,0,1,10,6.2407E-09,9.24479E-07,4.01241E-08
250,tt_mc,0,1,1,0,1,10,5.94892E-09,8.34653E-07,3.13027E-08
490,tt_mc,1,1,0,0,1,10,5.64902E-09,7.73951E-07,2.18854E-08
170,tt_mc,0,1,0,0,1,10,5.35849E-09,1.00706E-06,5.04229E-08
410,tt_mc,1,0,1,0,1,10,5.07838E-09,9.27402E-07,3.90396E-08
90,tt_mc,0,0,1,0,1,10,4.77023E-09,8.97341E-07,3.55332E-08
330,tt_mc,1,0,0,0,1,10,4.48625E-09,9.90474E-07,5.27445E-08
10,tt_mc,0,0,0,0,1,10,4.15708E-09,8.85555E-07,4.6705E-08
631,tt_mc,1,1,1,1,0,11,1.33899E-08,8.91321E-07,1.73663E-08
311,tt_mc,0,1,1,1,0,11,1.30885E-08,8.90581E-07,1.79293E-08
551,tt_mc,1,1,0,1,0,11,1.2781E-08,8.85499E-07,2.25649E-08
231,tt_mc,0,1,0,1,0,11,1.24618E-08,8.7165E-07,2.09605E-08
471,tt_mc,1,0,1,1,0,11,1.21551E-08,8.65745E-07,1.41033E-08
151,tt_mc,0,0,1,1,0,11,1.18399E-08,8.87465E-07,2.37293E-08
391,tt_mc,1,0,0,1,0,11,1.15244E-08,8.92311E-07,2.48388E-08
71,tt_mc,0,0,0,1,0,11,1.12061E-08,8.33698E-07,1.57796E-08
591,tt_mc,1,1,1,0,0,11,1.08741E-08,9.08039E-07,2.76845E-08
271,tt_mc,0,1,1,0,0,11,1.05546E-08,8.54118E-07,2.27507E-08
511,tt_mc,1,1,0,0,0,11,1.02344E-08,8.65256E-07,2.35543E-08
191,tt_mc,0,1,0,0,0,11,9.91914E-09,8.73538E-07,3.0543E-08
431,tt_mc,1,0,1,0,0,11,9.58926E-09,8.88547E-07,2.17585E-08
111,tt_mc,0,0,1,0,0,11,9.27675E-09,8.76909E-07,3.3749E-08
351,tt_mc,1,0,0,0,0,11,8.95842E-09,8.04308E-07,1.65873E-08
611,tt_mc,1,1,1,1,1,11,8.64891E-09,8.07414E-07,2.24161E-08
31,tt_mc,0,0,0,0,0,11,8.6489E-09,8.07534E-07,2.18429E-08
291,tt_mc,0,1,1,1,1,11,8.33597E-09,8.16896E-07,1.97548E-08
531,tt_mc,1,1,0,1,1,11,8.03388E-09,8.87388E-07,3.04116E-08
211,tt_mc,0,1,0,1,1,11,7.72896E-09,9.00041E-07,3.45542E-08
451,tt_mc,1,0,1,1,1,11,7.42418E-09,8.88681E-07,3.73791E-08
131,tt_mc,0,0,1,1,1,11,7.12737E-09,9.08235E-07,3.79299E-08
371,tt_mc,1,0,0,1,1,11,6.82312E-09,8.42336E-07,2.1952E-08
51,tt_mc,0,0,0,1,1,11,6.52853E-09,8.17397E-07,2.14466E-08
571,tt_mc,1,1,1,0,1,11,6.24538E-09,8.11009E-07,2.23241E-08
251,tt_mc,0,1,1,0,1,11,5.95228E-09,8.46861E-07,2.67545E-08
491,tt_mc,1,1,0,0,1,11,5.66186E-09,8.52174E-07,3.30332E-08
171,tt_mc,0,1,0,0,1,11,5.3381E-09,8.4277E-07,3.03543E-08
411,tt_mc,1,0,1,0,1,11,5.06909E-09,9.89791E-07,4.28581E-08
91,tt_mc,0,0,1,0,1,11,4.78935E-09,8.7786E-07,4.05178E-08
331,tt_mc,1,0,0,0,1,11,4.4991E-09,8.6614E-07,3.30801E-08
11,tt_mc,0,0,0,0,1,11,4.19459E-09,8.4732E-07,4.01331E-08
632,tt_mc,1,1,1,1,0,12,1.33965E-08,9.10438E-07,2.08401E-08
312,tt_mc,0,1,1,1,0,12,1.3095E-08,8.90411E-07,1.97601E-08
552,tt_mc,1,1,0,1,0,12,1.27764E-08,8.68077E-07,1.67576E-08
232,tt_mc,0,1,0,1,0,12,1.24708E-08,8.97402E-07,1.84657E-08
472,tt_mc,1,0,1,1,0,12,1.21584E-08,9.75665E-07,3.49547E-08
152,tt_mc,0,0,1,1,0,12,1.1847E-08,8.58558E-07,1.74008E-08
392,tt_mc,1,0,0,1,0,12,1.15251E-08,8.69879E-07,2.06346E-08
72,tt_mc,0,0,0,1,0,12,1.12006E-08,8.68646E-07,2.42336E-08
592,tt_mc,1,1,1,0,0,12,1.08884E-08,8.92101E-07,2.92336E-08
272,tt_mc,0,1,1,0,0,12,1.05614E-08,9.03547E-07,2.63067E-08
512,tt_mc,1,1,0,0,0,12,1.02351E-08,8.81316E-07,2.76506E-08
192,tt_mc,0,1,0,0,0,12,9.91797E-09,9.51584E-07,3.26568E-08
432,tt_mc,1,0,1,0,0,12,9.5923E-09,8.91473E-07,3.04769E-08
112,tt_mc,0,0,1,0,0,12,9.27487E-09,8.46117E-07,2.32689E-08
352,tt_mc,1,0,0,0,0,12,8.96902E-09,9.21581E-07,3.48666E-08
32,tt_mc,0,0,0,0,0,12,8.64922E-09,8.06394E-07,2.21911E-08
612,tt_mc,1,1,1,1,1,12,8.64922E-09,8.06398E-07,2.21388E-08
292,tt_mc,0,1,1,1,1,12,8.3377E-09,8.76708E-07,2.71374E-08
532,tt_mc,1,1,0,1,1,12,8.03212E-09,9.24574E-07,3.09501E-08
212,tt_mc,0,1,0,1,1,12,7.72737E-09,9.31687E-07,3.7836E-08
452,tt_mc,1,0,1,1,1,12,7.4238E-09,8.59182E-07,2.84016E-08
132,tt_mc,0,0,1,1,1,12,7.11613E-09,9.60678E-07,4.20706E-08
372,tt_mc,1,0,0,1,1,12,6.82208E-09,7.88784E-07,2.3943E-08
52,tt_mc,0,0,0,1,1,12,6.52944E-09,8.39622E-07,2.91609E-08
572,tt_mc,1,1,1,0,1,12,6.23654E-09,9.02593E-07,3.26024E-08
252,tt_mc,0,1,1,0,1,12,5.9442E-09,7.84711E-07,2.81747E-08
492,tt_mc,1,1,0,0,1,12,5.65852E-09,9.30738E-07,4.28842E-08
172,tt_mc,0,1,0,0,1,12,5.358E-09,9.04833E-07,3.99741E-08
412,tt_mc,1,0,1,0,1,12,5.07455E-09,8.69203E-07,3.59573E-08
92,tt_mc,0,0,1,0,1,12,4.78634E-09,9.6914E-07,4.10009E-08
332,tt_mc,1,0,0,0,1,12,4.49131E-09,8.37529E-07,3.56291E-08
12,tt_mc,0,0,0,0,1,12,4.19719E-09,8.85532E-07,4.3224E-08
633,tt_mc,1,1,1,1,0,13,1.33967E-08,9.08554E-07,1.9392E-08
313,tt_mc,0,1,1,1,0,13,1.30893E-08,8.82618E-07,1.4121E-08
553,tt_mc,1,1,0,1,0,13,1.27779E-08,8.553E-07,1.64862E-08
233,tt_mc,0,1,0,1,0,13,1.24659E-08,8.84873E-07,2.17917E-08
473,tt_mc,1,0,1,1,0,13,1.21592E-08,8.81435E-07,1.82233E-08
153,tt_mc,0,0,1,1,0,13,1.1845E-08,8.63219E-07,1.96745E-08
393,tt_mc,1,0,0,1,0,13,1.15223E-08,8.6213E-07,2.05149E-08
73,tt_mc,0,0,0,1,0,13,1.12097E-08,8.50508E-07,1.81055E-08
593,tt_mc,1,1,1,0,0,13,1.08886E-08,9.00574E-07,2.23514E-08
273,tt_mc,0,1,1,0,0,13,1.0559E-08,9.06553E-07,2.22867E-08
513,tt_mc,1,1,0,0,0,13,1.02377E-08,8.48924E-07,2.7934E-08
193,tt_mc,0,1,0,0,0,13,9.92093E-09,9.37728E-07,3.26904E-08
433,tt_mc,1,0,1,0,0,13,9.59396E-09,9.26732E-07,3.37779E-08
113,tt_mc,0,0,1,0,0,13,9.27969E-09,9.62388E-07,3.93864E-08
353,tt_mc,1,0,0,0,0,13,8.96022E-09,9.13172E-07,3.50059E-08
33,tt_mc,0,0,0,0,0,13,8.64896E-09,8.07599E-07,2.12644E-08
613,tt_mc,1,1,1,1,1,13,8.64887E-09,8.08126E-07,2.24577E-08
293,tt_mc,0,1,1,1,1,13,8.33697E-09,8.79771E-07,3.22035E-08
533,tt_mc,1,1,0,1,1,13,8.027E-09,8.8625E-07,3.10695E-08
213,tt_mc,0,1,0,1,1,13,7.72362E-09,8.0986E-07,2.68511E-08
453,tt_mc,1,0,1,1,1,13,7.42777E-09,9.05876E-07,3.36818E-08
133,tt_mc,0,0,1,1,1,13,7.11612E-09,9.12906E-07,4.0293E-08
373,tt_mc,1,0,0,1,1,13,6.83066E-09,8.3006E-07,2.6964E-08
53,tt_mc,0,0,0,1,1,13,6.53497E-09,8.55795E-07,3.2166E-08
573,tt_mc,1,1,1,0,1,13,6.21819E-09,8.66601E-07,3.91327E-08
253,tt_mc,0,1,1,0,1,13,5.95002E-09,8.92486E-07,3.31453E-08
493,tt_mc,1,1,0,0,1,13,5.63261E-09,9.70209E-07,4.59054E-08
173,tt_mc,0,1,0,0,1,13,5.36675E-09,8.94362E-07,3.64647E-08
413,tt_mc,1,0,1,0,1,13,5.076E-09,9.78012E-07,4.95989E-08
93,tt_mc,0,0,1,0,1,13,4.77135E-09,8.56437E-07,4.12747E-08
333,tt_mc,1,0,0,0,1,13,4.49366E-09,9.98249E-07,4.11492E-08
13,tt_mc,0,0,0,0,1,13,4.1916E-09,8.42431E-07,3.71504E-08
634,tt_mc,1,1,1,1,0,14,1.33856E-08,9.11227E-07,1.63746E-08
314,tt_mc,0,1,1,1,0,14,1.30823E-08,9.23621E-07,2.35271E-08
554,tt_mc,1,1,0,1,0,14,1.27734E-08,8.49769E-07,1.14944E-08
234,tt_mc,0,1,0,1,0,14,1.24603E-08,8.83388E-07,1.88977E-08
474,tt_mc,1,0,1,1,0,14,1.21592E-08,9.21215E-07,2.55661E-08
154,tt_mc,0,0,1,1,0,14,1.18378E-08,9.07982E-07,2.88153E-08
394,tt_mc,1,0,0,1,0,14,1.15197E-08,8.67208E-07,2.20901E-08
74,tt_mc,0,0,0,1,0,14,1.1195E-08,8.62482E-07,1.98909E-08
594,tt_mc,1,1,1,0,0,14,1.08805E-08,8.58664E-07,1.68351E-08
274,tt_mc,0,1,1,0,0,14,1.05508E-08,8.23219E-07,1.45369E-08
514,tt_mc,1,1,0,0,0,14,1.02398E-08,8.48526E-07,1.83757E-08
194,tt_mc,0,1,0,0,0,14,9.91705E-09,8.44181E-07,1.67536E-08
434,tt_mc,1,0,1,0,0,14,9.59086E-09,9.07041E-07,2.8674E-08
114,tt_mc,0,0,1,0,0,14,9.27307E-09,9.15543E-07,2.92692E-08
354,tt_mc,1,0,0,0,0,14,8.9602E-09,8.95634E-07,3.36354E-08
614,tt_mc,1,1,1,1,1,14,8.65077E-09,8.08701E-07,1.97282E-08
34,tt_mc,0,0,0,0,0,14,8.64787E-09,8.0792E-07,2.28997E-08
294,tt_mc,0,1,1,1,1,14,8.34206E-09,8.1037E-07,2.14231E-08
534,tt_mc,1,1,0,1,1,14,8.03401E-09,9.21425E-07,3.76073E-08
214,tt_mc,0,1,0,1,1,14,7.72249E-09,8.76258E-07,3.30767E-08
454,tt_mc,1,0,1,1,1,14,7.4166E-09,9.06213E-07,3.82387E-08
134,tt_mc,0,0,1,1,1,14,7.12591E-09,8.92425E-07,3.78779E-08
374,tt_mc,1,0,0,1,1,14,6.82728E-09,8.66577E-07,3.27687E-08
54,tt_mc,0,0,0,1,1,14,6.52688E-09,9.29075E-07,3.17423E-08
574,tt_mc,1,1,1,0,1,14,6.24252E-09,8.22147E-07,2.74397E-08
254,tt_mc,0,1,1,0,1,14,5.95274E-09,8.68488E-07,3.11315E-08
494,tt_mc,1,1,0,0,1,14,5.66043E-09,9.74282E-07,4.68187E-08
174,tt_mc,0,1,0,0,1,14,5.3679E-09,8.54982E-07,3.96922E-08
414,tt_mc,1,0,1,0,1,14,5.0682E-09,9.59817E-07,5.17891E-08
94,tt_mc,0,0,1,0,1,14,4.765E-09,8.5128E-07,3.37633E-08
334,tt_mc,1,0,0,0,1,14,4.495E-09,9.04136E-07,3.77616E-08
14,tt_mc,0,0,0,0,1,14,4.20078E-09,8.82182E-07,4.05924E-08
635,tt_mc,1,1,1,1,0,15,1.33869E-08,8.78171E-07,1.59409E-08
315,tt_mc,0,1,1,1,0,15,1.30885E-08,8.94911E-07,1.85682E-08
555,tt_mc,1,1,0,1,0,15,1.27711E-08,8.88224E-07,2.01762E-08
235,tt_mc,0,1,0,1,0,15,1.2459E-08,8.84709E-07,1.81626E-08
475,tt_mc,1,0,1,1,0,15,1.21435E-08,8.86529E-07,2.09512E-08
155,tt_mc,0,0,1,1,0,15,1.18366E-08,8.44288E-07,1.85688E-08
395,tt_mc,1,0,0,1,0,15,1.15133E-08,9.1085E-07,2.41199E-08
75,tt_mc,0,0,0,1,0,15,1.11981E-08,9.01751E-07,2.97396E-08
595,tt_mc,1,1,1,0,0,15,1.0885E-08,8.69103E-07,1.98227E-08
275,tt_mc,0,1,1,0,0,15,1.05635E-08,8.36503E-07,2.34712E-08
515,tt_mc,1,1,0,0,0,15,1.02333E-08,8.74353E-07,2.79531E-08
195,tt_mc,0,1,0,0,0,15,9.91839E-09,9.12377E-07,3.246E-08
435,tt_mc,1,0,1,0,0,15,9.59548E-09,8.92891E-07,2.32798E-08
115,tt_mc,0,0,1,0,0,15,9.27387E-09,9.18763E-07,2.57482E-08
355,tt_mc,1,0,0,0,0,15,8.96858E-09,8.74821E-07,2.66742E-08
35,tt_mc,0,0,0,0,0,15,8.64559E-09,8.06595E-07,2.75526E-08
615,tt_mc,1,1,1,1,1,15,8.64559E-09,8.06647E-07,2.75676E-08
295,tt_mc,0,1,1,1,1,15,8.33648E-09,8.8038E-07,3.11957E-08
535,tt_mc,1,1,0,1,1,15,8.02975E-09,9.12465E-07,3.45423E-08
215,tt_mc,0,1,0,1,1,15,7.72429E-09,8.97862E-07,2.97432E-08
455,tt_mc,1,0,1,1,1,15,7.40929E-09,8.80584E-07,3.93534E-08
135,tt_mc,0,0,1,1,1,15,7.12539E-09,9.19154E-07,3.56326E-08
375,tt_mc,1,0,0,1,1,15,6.82957E-09,8.82489E-07,3.01009E-08
55,tt_mc,0,0,0,1,1,15,6.53738E-09,7.9644E-07,2.88012E-08
575,tt_mc,1,1,1,0,1,15,6.21784E-09,8.38958E-07,3.41504E-08
255,tt_mc,0,1,1,0,1,15,5.95246E-09,8.42797E-07,2.57295E-08
495,tt_mc,1,1,0,0,1,15,5.66269E-09,8.61836E-07,3.51292E-08
175,tt_mc,0,1,0,0,1,15,5.37057E-09,8.47419E-07,3.93229E-08
415,tt_mc,1,0,1,0,1,15,5.04925E-09,8.83811E-07,2.75412E-08
95,tt_mc,0,0,1,0,1,15,4.78735E-09,8.75408E-07,3.97176E-08
335,tt_mc,1,0,0,0,1,15,4.49826E-09,8.59821E-07,3.3314E-08
15,tt_mc,0,0,0,0,1,15,4.19851E-09,8.84021E-07,3.74925E-08
636,tt_mc,1,1,1,1,0,16,1.34006E-08,8.90917E-07,1.73976E-08
316,tt_mc,0,1,1,1,0,16,1.30861E-08,9.09514E-07,1.94726E-08
556,tt_mc,1,1,0,1,0,16,1.27742E-08,9.09333E-07,2.16493E-08
236,tt_mc,0,1,0,1,0,16,1.24628E-08,8.98841E-07,2.25204E-08
476,tt_mc,1,0,1,1,0,16,1.21601E-08,8.79252E-07,1.99908E-08
156,tt_mc,0,0,1,1,0,16,1.18402E-08,8.73742E-07,1.8831E-08
396,tt_mc,1,0,0,1,0,16,1.15229E-08,8.9075E-07,2.33228E-08
76,tt_mc,0,0,0,1,0,16,1.1205E-08,8.96937E-07,2.54263E-08
596,tt_mc,1,1,1,0,0,16,1.0876E-08,8.76632E-07,2.42292E-08
276,tt_mc,0,1,1,0,0,16,1.05626E-08,8.60987E-07,2.58843E-08
516,tt_mc,1,1,0,0,0,16,1.02342E-08,9.12131E-07,3.0566E-08
196,tt_mc,0,1,0,0,0,16,9.91953E-09,8.26805E-07,1.36819E-08
436,tt_mc,1,0,1,0,0,16,9.59521E-09,8.69813E-07,2.14775E-08
116,tt_mc,0,0,1,0,0,16,9.27618E-09,9.16657E-07,3.03994E-08
356,tt_mc,1,0,0,0,0,16,8.96378E-09,8.79779E-07,2.83399E-08
36,tt_mc,0,0,0,0,0,16,8.64853E-09,8.06796E-07,2.26283E-08
616,tt_mc,1,1,1,1,1,16,8.64852E-09,8.07194E-07,2.35023E-08
296,tt_mc,0,1,1,1,1,16,8.33718E-09,8.22964E-07,2.2384E-08
536,tt_mc,1,1,0,1,1,16,8.03067E-09,9.21086E-07,3.42339E-08
216,tt_mc,0,1,0,1,1,16,7.72187E-09,9.18725E-07,3.91279E-08
456,tt_mc,1,0,1,1,1,16,7.4175E-09,9.82754E-07,4.4728E-08
136,tt_mc,0,0,1,1,1,16,7.12465E-09,8.83547E-07,3.79556E-08
376,tt_mc,1,0,0,1,1,16,6.82932E-09,8.20526E-07,2.6392E-08
56,tt_mc,0,0,0,1,1,16,6.53229E-09,8.97077E-07,3.08766E-08
576,tt_mc,1,1,1,0,1,16,6.24384E-09,9.45414E-07,3.63631E-08
256,tt_mc,0,1,1,0,1,16,5.95149E-09,8.74256E-07,3.84488E-08
496,tt_mc,1,1,0,0,1,16,5.65648E-09,8.97357E-07,3.28207E-08
176,tt_mc,0,1,0,0,1,16,5.36175E-09,8.65511E-07,3.5247E-08
416,tt_mc,1,0,1,0,1,16,5.03231E-09,8.98548E-07,4.83083E-08
96,tt_mc,0,0,1,0,1,16,4.75402E-09,8.20412E-07,2.60651E-08
336,tt_mc,1,0,0,0,1,16,4.49402E-09,7.77448E-07,2.81216E-08
16,tt_mc,0,0,0,0,1,16,4.19307E-09,8.07043E-07,3.58191E-08
637,tt_mc,1,1,1,1,0,17,1.34022E-08,9.0496E-07,1.51962E-08
317,tt_mc,0,1,1,1,0,17,1.3086E-08,9.26867E-07,2.12161E-08
557,tt_mc,1,1,0,1,0,17,1.27857E-08,8.78572E-07,1.60879E-08
237,tt_mc,0,1,0,1,0,17,1.24654E-08,9.06275E-07,2.01558E-08
477,tt_mc,1,0,1,1,0,17,1.21574E-08,8.40309E-07,1.64341E-08
157,tt_mc,0,0,1,1,0,17,1.18415E-08,8.7056E-07,1.78037E-08
397,tt_mc,1,0,0,1,0,17,1.15257E-08,8.92244E-07,2.08207E-08
77,tt_mc,0,0,0,1,0,17,1.11991E-08,8.33575E-07,1.59709E-08
597,tt_mc,1,1,1,0,0,17,1.08751E-08,9.05799E-07,2.45908E-08
277,tt_mc,0,1,1,0,0,17,1.05641E-08,9.06218E-07,2.51824E-08
517,tt_mc,1,1,0,0,0,17,1.02359E-08,8.81236E-07,2.89197E-08
197,tt_mc,0,1,0,0,0,17,9.91615E-09,8.77924E-07,2.23129E-08
437,tt_mc,1,0,1,0,0,17,9.59471E-09,9.02096E-07,2.75725E-08
117,tt_mc,0,0,1,0,0,17,9.27863E-09,9.78372E-07,3.82591E-08
357,tt_mc,1,0,0,0,0,17,8.95853E-09,8.75118E-07,2.6475E-08
37,tt_mc,0,0,0,0,0,17,8.64911E-09,8.07335E-07,2.44126E-08
617,tt_mc,1,1,1,1,1,17,8.64911E-09,8.07371E-07,2.4164E-08
297,tt_mc,0,1,1,1,1,17,8.33694E-09,9.00555E-07,3.34322E-08
537,tt_mc,1,1,0,1,1,17,8.03024E-09,8.80185E-07,2.3941E-08
217,tt_mc,0,1,0,1,1,17,7.72723E-09,8.70976E-07,2.81733E-08
457,tt_mc,1,0,1,1,1,17,7.42647E-09,8.8495E-07,3.1073E-08
137,tt_mc,0,0,1,1,1,17,7.1241E-09,9.64009E-07,4.57332E-08
377,tt_mc,1,0,0,1,1,17,6.83005E-09,8.24341E-07,3.38274E-08
57,tt_mc,0,0,0,1,1,17,6.5352E-09,7.98263E-07,2.59342E-08
577,tt_mc,1,1,1,0,1,17,6.22851E-09,8.85942E-07,3.35202E-08
257,tt_mc,0,1,1,0,1,17,5.93956E-09,8.37515E-07,3.60362E-08
497,tt_mc,1,1,0,0,1,17,5.65894E-09,8.49621E-07,3.96894E-08
177,tt_mc,0,1,0,0,1,17,5.36201E-09,8.7732E-07,3.97071E-08
417,tt_mc,1,0,1,0,1,17,5.06808E-09,9.10159E-07,3.86115E-08
97,tt_mc,0,0,1,0,1,17,4.77033E-09,8.0582E-07,3.26317E-08
337,tt_mc,1,0,0,0,1,17,4.49631E-09,9.25287E-07,4.61993E-08
17,tt_mc,0,0,0,0,1,17,4.19658E-09,8.90772E-07,4.13485E-08
638,tt_mc,1,1,1,1,0,18,1.33918E-08,8.74577E-07,1.36117E-08
318,tt_mc,0,1,1,1,0,18,1.30853E-08,8.73575E-07,1.83072E-08
558,tt_mc,1,1,0,1,0,18,1.27764E-08,8.68474E-07,2.13366E-08
238,tt_mc,0,1,0,1,0,18,1.24657E-08,8.72889E-07,1.73874E-08
478,tt_mc,1,0,1,1,0,18,1.21599E-08,8.76645E-07,1.82587E-08
158,tt_mc,0,0,1,1,0,18,1.18344E-08,8.96744E-07,2.40394E-08
398,tt_mc,1,0,0,1,0,18,1.15279E-08,8.73455E-07,2.10111E-08
78,tt_mc,0,0,0,1,0,18,1.11949E-08,8.77626E-07,1.70189E-08
598,tt_mc,1,1,1,0,0,18,1.08867E-08,9.44715E-07,3.01951E-08
278,tt_mc,0,1,1,0,0,18,1.0556E-08,9.49677E-07,3.15604E-08
518,tt_mc,1,1,0,0,0,18,1.02334E-08,8.79084E-07,2.53663E-08
198,tt_mc,0,1,0,0,0,18,9.91967E-09,8.12698E-07,1.50387E-08
438,tt_mc,1,0,1,0,0,18,9.59178E-09,8.84343E-07,3.27285E-08
118,tt_mc,0,0,1,0,0,18,9.27664E-09,8.07563E-07,2.16281E-08
358,tt_mc,1,0,0,0,0,18,8.96101E-09,8.3642E-07,2.32785E-08
618,tt_mc,1,1,1,1,1,18,8.64837E-09,8.07952E-07,2.6888E-08
38,tt_mc,0,0,0,0,0,18,8.64836E-09,8.08008E-07,2.62042E-08
298,tt_mc,0,1,1,1,1,18,8.33842E-09,8.35047E-07,2.12346E-08
538,tt_mc,1,1,0,1,1,18,8.02982E-09,8.43829E-07,2.49971E-08
218,tt_mc,0,1,0,1,1,18,7.72293E-09,8.82768E-07,3.09221E-08
458,tt_mc,1,0,1,1,1,18,7.42022E-09,8.7842E-07,3.45117E-08
138,tt_mc,0,0,1,1,1,18,7.12917E-09,9.12894E-07,3.81869E-08
378,tt_mc,1,0,0,1,1,18,6.82712E-09,8.74081E-07,3.50915E-08
58,tt_mc,0,0,0,1,1,18,6.52902E-09,9.16295E-07,3.95028E-08
578,tt_mc,1,1,1,0,1,18,6.23141E-09,9.38759E-07,4.15021E-08
258,tt_mc,0,1,1,0,1,18,5.94792E-09,9.1638E-07,3.9375E-08
498,tt_mc,1,1,0,0,1,18,5.65826E-09,8.93464E-07,4.54409E-08
178,tt_mc,0,1,0,0,1,18,5.356E-09,9.03618E-07,3.96009E-08
418,tt_mc,1,0,1,0,1,18,5.07428E-09,8.93705E-07,4.31998E-08
98,tt_mc,0,0,1,0,1,18,4.78448E-09,9.14609E-07,4.71695E-08
338,tt_mc,1,0,0,0,1,18,4.4888E-09,9.35375E-07,4.2398E-08
18,tt_mc,0,0,0,0,1,18,4.20494E-09,8.94196E-07,4.3139E-08
639,tt_mc,1,1,1,1,0,19,1.34007E-08,8.88499E-07,1.89478E-08
319,tt_mc,0,1,1,1,0,19,1.30938E-08,9.17702E-07,1.97011E-08
559,tt_mc,1,1,0,1,0,19,1.27819E-08,9.12732E-07,1.95682E-08
239,tt_mc,0,1,0,1,0,19,1.24707E-08,8.80763E-07,1.60315E-08
479,tt_mc,1,0,1,1,0,19,1.21577E-08,8.63936E-07,1.83887E-08
159,tt_mc,0,0,1,1,0,19,1.18524E-08,8.52687E-07,1.66189E-08
399,tt_mc,1,0,0,1,0,19,1.15313E-08,9.46953E-07,2.92065E-08
79,tt_mc,0,0,0,1,0,19,1.12139E-08,8.78675E-07,2.26588E-08
599,tt_mc,1,1,1,0,0,19,1.08783E-08,8.63174E-07,1.98465E-08
279,tt_mc,0,1,1,0,0,19,1.05659E-08,8.51749E-07,2.23486E-08
519,tt_mc,1,1,0,0,0,19,1.02432E-08,8.89468E-07,2.57117E-08
199,tt_mc,0,1,0,0,0,19,9.91999E-09,9.42537E-07,2.50005E-08
439,tt_mc,1,0,1,0,0,19,9.59662E-09,8.40293E-07,2.37822E-08
119,tt_mc,0,0,1,0,0,19,9.2795E-09,9.02813E-07,2.98657E-08
359,tt_mc,1,0,0,0,0,19,8.96957E-09,9.05541E-07,3.06848E-08
39,tt_mc,0,0,0,0,0,19,8.64951E-09,8.06927E-07,2.40935E-08
619,tt_mc,1,1,1,1,1,19,8.64951E-09,8.07083E-07,2.41191E-08
299,tt_mc,0,1,1,1,1,19,8.33918E-09,8.55697E-07,3.1491E-08
539,tt_mc,1,1,0,1,1,19,8.03119E-09,8.64538E-07,3.18969E-08
219,tt_mc,0,1,0,1,1,19,7.72496E-09,8.73513E-07,3.46842E-08
459,tt_mc,1,0,1,1,1,19,7.42764E-09,9.05456E-07,3.55935E-08
139,tt_mc,0,0,1,1,1,19,7.12159E-09,9.40947E-07,4.26003E-08
379,tt_mc,1,0,0,1,1,19,6.82324E-09,8.21389E-07,2.59097E-08
59,tt_mc,0,0,0,1,1,19,6.51996E-09,8.97965E-07,3.34098E-08
579,tt_mc,1,1,1,0,1,19,6.21346E-09,9.13485E-07,3.54135E-08
259,tt_mc,0,1,1,0,1,19,5.94481E-09,8.27699E-07,2.9901E-08
499,tt_mc,1,1,0,0,1,19,5.65475E-09,8.55046E-07,3.44153E-08
179,tt_mc,0,1,0,0,1,19,5.3525E-09,9.71771E-07,4.97718E-08
419,tt_mc,1,0,1,0,1,19,5.0707E-09,9.13483E-07,4.24646E-08
99,tt_mc,0,0,1,0,1,19,4.77901E-09,8.05961E-07,2.50649E-08
339,tt_mc,1,0,0,0,1,19,4.46194E-09,9.12247E-07,4.84322E-08
19,tt_mc,0,0,0,0,1,19,4.16231E-09,8.93988E-07,3.16761E-08
640,tt_mc,1,1,1,1,0,20,1.33983E-08,8.78806E-07,1.58743E-08
320,tt_mc,0,1,1,1,0,20,1.30844E-08,9.11754E-07,2.34692E-08
560,tt_mc,1,1,0,1,0,20,1.2774E-08,8.7428E-07,2.02558E-08
240,tt_mc,0,1,0,1,0,20,1.24642E-08,8.44636E-07,1.57257E-08
480,tt_mc,1,0,1,1,0,20,1.21499E-08,9.43229E-07,2.67088E-08
160,tt_mc,0,0,1,1,0,20,1.18337E-08,8.97201E-07,2.04012E-08
400,tt_mc,1,0,0,1,0,20,1.15194E-08,8.59014E-07,1.80557E-08
80,tt_mc,0,0,0,1,0,20,1.12126E-08,8.73363E-07,1.79611E-08
600,tt_mc,1,1,1,0,0,20,1.08857E-08,8.64615E-07,1.63244E-08
280,tt_mc,0,1,1,0,0,20,1.05549E-08,9.05385E-07,2.44766E-08
520,tt_mc,1,1,0,0,0,20,1.0232E-08,8.91991E-07,2.50967E-08
200,tt_mc,0,1,0,0,0,20,9.91856E-09,8.28098E-07,1.64339E-08
440,tt_mc,1,0,1,0,0,20,9.59536E-09,8.83141E-07,2.64316E-08
120,tt_mc,0,0,1,0,0,20,9.27711E-09,9.2479E-07,3.67346E-08
360,tt_mc,1,0,0,0,0,20,8.95881E-09,8.93114E-07,2.84326E-08
40,tt_mc,0,0,0,0,0,20,8.64894E-09,8.07361E-07,2.60607E-08
620,tt_mc,1,1,1,1,1,20,8.64879E-09,8.0707E-07,2.46909E-08
300,tt_mc,0,1,1,1,1,20,8.33664E-09,8.65803E-07,2.74215E-08
540,tt_mc,1,1,0,1,1,20,8.03023E-09,9.17118E-07,2.68504E-08
220,tt_mc,0,1,0,1,1,20,7.72459E-09,9.07521E-07,3.99392E-08
460,tt_mc,1,0,1,1,1,20,7.42549E-09,9.75902E-07,5.07673E-08
140,tt_mc,0,0,1,1,1,20,7.1287E-09,8.74035E-07,3.47167E-08
380,tt_mc,1,0,0,1,1,20,6.83101E-09,8.40698E-07,2.93256E-08
60,tt_mc,0,0,0,1,1,20,6.52099E-09,9.12019E-07,3.47718E-08
580,tt_mc,1,1,1,0,1,20,6.23004E-09,9.45568E-07,4.89237E-08
260,tt_mc,0,1,1,0,1,20,5.95068E-09,9.52535E-07,3.98559E-08
500,tt_mc,1,1,0,0,1,20,5.64411E-09,9.44953E-07,4.08975E-08
180,tt_mc,0,1,0,0,1,20,5.35905E-09,8.92301E-07,4.19292E-08
420,tt_mc,1,0,1,0,1,20,5.07205E-09,9.86092E-07,4.59193E-08
100,tt_mc,0,0,1,0,1,20,4.76602E-09,8.46419E-07,3.16745E-08
340,tt_mc,1,0,0,0,1,20,4.4553E-09,8.30643E-07,2.65431E-08
20,tt_mc,0,0,0,0,1,20,4.17488E-09,9.51107E-07,3.97273E-08
