delay (delay=T/4) X,delay (delay=T/4) Y
4.5e-08,4.234658146210435e-09
9.499999999999999e-08,4.270352232991742e-09
1.45e-07,4.301039083280222e-09
1.95e-07,4.341181404895603e-09
2.45e-07,4.372108809713812e-09
2.95e-07,4.406109094388476e-09
3.45e-07,4.445526395654651e-09
3.95e-07,4.482450429056312e-09
4.45e-07,4.514982740430554e-09
4.95e-07,4.547934075760068e-09
5.45e-07,4.59043914210342e-09
5.95e-07,4.622900165537325e-09
6.45e-07,4.659557293215271e-09
6.949999999999999e-07,4.696717500812633e-09
7.45e-07,4.727396318070175e-09
7.95e-07,4.764499658292502e-09
8.45e-07,4.797118920022856e-09
8.949999999999999e-07,4.833816472773635e-09
9.45e-07,4.876544890694287e-09
9.95e-07,4.906920674765333e-09
1.045e-06,4.942367326727467e-09
1.095e-06,4.98246532309908e-09
1.145e-06,5.019181301178457e-09
1.195e-06,5.04689674318693e-09
1.245e-06,5.083265506130768e-09
1.295e-06,5.124400857025247e-09
1.345e-06,5.159694995634046e-09
1.395e-06,5.18939220597321e-09
1.445e-06,5.226254658363925e-09
1.495e-06,5.260260110373238e-09
1.545e-06,5.30193579248037e-09
1.595e-06,5.337771624997641e-09
1.645e-06,5.366726538065032e-09
1.695e-06,5.403223358820806e-09
1.745e-06,5.438558501364174e-09
1.795e-06,5.474492143298978e-09
1.845e-06,5.509062565104387e-09
1.895e-06,5.544524220868696e-09
1.945e-06,5.580213314972117e-09
1.995e-06,5.621725074344078e-09
2.045e-06,5.650954248322703e-09
2.095e-06,5.686457335145867e-09
2.145e-06,5.72163232105281e-09
2.195e-06,5.756686080155561e-09
2.245e-06,5.798563605641928e-09
2.295e-06,5.829367603683766e-09
2.345e-06,5.862885564286992e-09
2.395e-06,5.898482458332151e-09
2.445e-06,5.93355402577532e-09
2.495e-06,5.968855203606499e-09
2.545e-06,6.004735516939198e-09
2.595e-06,6.039626049810792e-09
2.645e-06,6.075321093223121e-09
2.695e-06,6.113142371288238e-09
2.745e-06,6.146920148658475e-09
2.795e-06,6.182754778918956e-09
2.845e-06,6.218241996695735e-09
2.895e-06,6.256311190274442e-09
2.945e-06,6.289270708033377e-09
2.995e-06,6.324520573715776e-09
3.045e-06,6.359464821412783e-09
3.095e-06,6.39563557837127e-09
3.145e-06,6.431750204133953e-09
3.195e-06,6.467302531898481e-09
3.245e-06,6.503052108163035e-09
3.295e-06,6.537560058379096e-09
3.345e-06,6.576977578555705e-09
3.395e-06,6.6081943380987e-09
3.445e-06,6.649297289876515e-09
3.495e-06,6.679050441181642e-09
3.545e-06,6.713877150190125e-09
3.595e-06,6.75228770499862e-09
3.645e-06,6.788680182225484e-09
3.695e-06,6.82191055040654e-09
3.745e-06,6.856684098654128e-09
3.795e-06,6.899819892595402e-09
3.845e-06,6.928335068369082e-09
3.895e-06,6.969556736791899e-09
3.945e-06,7.001579332544592e-09
3.995e-06,7.039224335600071e-09
4.045e-06,7.076945150428189e-09
4.095000000000001e-06,7.107903099768471e-09
4.145e-06,7.143166863774005e-09
4.195e-06,7.182686593196266e-09
4.245e-06,7.215432484098454e-09
4.295e-06,7.250319907331782e-09
4.345e-06,7.29043453439529e-09
4.395e-06,7.323655666691211e-09
4.445000000000001e-06,7.361791006575905e-09
4.495e-06,7.394068461741176e-09
4.545000000000001e-06,7.428275782292315e-09
4.595e-06,7.469684369850554e-09
4.645e-06,7.504206316460282e-09
4.695e-06,7.541237660916542e-09
4.745e-06,7.577269944730406e-09
4.795e-06,7.609647436904028e-09
4.845e-06,7.64437755991406e-09
4.895000000000001e-06,7.682976795393055e-09
4.945e-06,7.721178992289713e-09
4.995e-06,7.75667529467981e-09
5.045e-06,7.791050189719069e-09
5.095e-06,7.826288289046032e-09
5.145e-06,7.864145140770459e-09
5.195e-06,7.900242329645426e-09
5.245e-06,7.934528088347816e-09
5.295e-06,7.972152021309975e-09
5.345e-06,8.006646262597156e-09
5.395e-06,8.041072810343236e-09
5.445e-06,8.079672665659021e-09
5.495e-06,8.115513750630662e-09
5.545e-06,8.151887392323345e-09
5.595e-06,8.189275399397678e-09
5.645e-06,8.225638468245798e-09
5.695000000000001e-06,8.258213236226076e-09
5.745e-06,8.296501824575822e-09
5.795e-06,8.331931968407686e-09
5.845e-06,8.3707424636742e-09
5.895e-06,8.405149194670347e-09
5.945e-06,8.445277767110716e-09
5.995e-06,8.478338420191467e-09
6.045000000000001e-06,8.515840496154946e-09
6.095e-06,8.551924900636211e-09
6.145e-06,8.589635800061116e-09
6.195e-06,8.625083253328537e-09
6.245e-06,8.660043686460858e-09
6.295e-06,8.698599476193493e-09
6.345e-06,8.735090026196728e-09
6.395e-06,8.77186076859617e-09
6.445e-06,8.773712876056226e-09
6.495e-06,8.807520835208195e-09
6.545e-06,8.844940153981942e-09
6.595e-06,8.881330111645645e-09
6.645e-06,8.918913753508712e-09
6.695e-06,8.956728179748643e-09
6.745e-06,8.992037941290622e-09
6.795e-06,9.029374360425695e-09
6.845e-06,9.066455101464969e-09
6.895e-06,9.103750587844319e-09
6.945e-06,9.140506796595497e-09
6.995e-06,9.174955608752079e-09
7.045e-06,9.214829288892579e-09
7.095e-06,9.250683673273207e-09
7.145e-06,9.288104645072941e-09
7.195e-06,9.327069689159385e-09
7.245e-06,9.362835207350808e-09
7.295e-06,9.399510505525319e-09
7.345e-06,9.437561323024965e-09
7.395e-06,9.475596771386596e-09
7.445e-06,9.512107095907023e-09
7.495e-06,9.549948326401672e-09
7.545e-06,9.588471368245551e-09
7.595e-06,9.623312842975199e-09
7.645e-06,9.659739283785018e-09
7.695e-06,9.699538301801754e-09
7.745e-06,9.737564295125356e-09
7.795000000000001e-06,9.771324298910373e-09
7.845e-06,9.813052313990748e-09
7.895e-06,9.849169040948415e-09
7.944999999999999e-06,9.88556306763335e-09
7.995000000000001e-06,9.921592377701967e-09
8.045e-06,9.961491075567141e-09
8.095e-06,9.999855626098829e-09
8.145000000000001e-06,1.003805945913935e-08
8.195e-06,1.00793877962334e-08
8.245e-06,1.011581845728715e-08
8.294999999999999e-06,1.015145094899565e-08
8.345000000000001e-06,1.019116704052035e-08
8.395e-06,1.022798767763212e-08
8.445e-06,1.026633107414178e-08
8.495000000000001e-06,1.030573368393385e-08
8.545e-06,1.03412989557759e-08
8.595e-06,1.037798955527334e-08
8.644999999999999e-06,1.041831123672633e-08
8.695000000000001e-06,1.04571298546453e-08
8.745e-06,1.049621970257881e-08
8.795e-06,1.053224058406275e-08
8.845000000000001e-06,1.057233407283618e-08
8.895e-06,1.06081770610623e-08
8.945e-06,1.064781249929302e-08
8.994999999999999e-06,1.068696633860982e-08
9.045000000000001e-06,1.072520662048116e-08
9.095e-06,1.076364069659544e-08
9.145e-06,1.080132367469567e-08
9.194999999999999e-06,1.08436734236464e-08
9.245e-06,1.087840710327931e-08
9.295e-06,1.091943565293158e-08
9.344999999999999e-06,1.09561287664386e-08
9.395000000000001e-06,1.099851306065751e-08
9.445e-06,1.10348111322013e-08
9.495e-06,1.107542307805709e-08
9.544999999999999e-06,1.111201860703617e-08
9.595e-06,1.115179373953362e-08
9.645e-06,1.119227258348601e-08
9.695e-06,1.123073130173139e-08
9.745000000000001e-06,1.126895775310885e-08
9.795e-06,1.130885783659387e-08
9.845e-06,1.134717155885087e-08
9.894999999999999e-06,1.138738684559442e-08
9.945e-06,1.142306074771356e-08
9.995e-06,1.146490196315577e-08
1.0045e-05,1.150327824817637e-08
1.0095e-05,1.154099395107384e-08
1.0145e-05,1.158117896818049e-08
1.0195e-05,1.162060159290954e-08
1.0245e-05,1.166043224378275e-08
1.0295e-05,1.170174968284013e-08
1.0345e-05,1.173956126542168e-08
1.0395e-05,1.177966711493523e-08
1.0445e-05,1.181860050212696e-08
1.0495e-05,1.185823325523797e-08
1.0545e-05,1.189705907462543e-08
1.0595e-05,1.193533197382387e-08
1.0645e-05,1.197572575315734e-08
1.0695e-05,1.201532744927719e-08
1.0745e-05,1.205531008026727e-08
1.0795e-05,1.209313620669336e-08
1.0845e-05,1.213233051166656e-08
1.0895e-05,1.21719522666111e-08
1.0945e-05,1.221211123925541e-08
1.0995e-05,1.225511007150764e-08
1.1045e-05,1.229224042356215e-08
1.1095e-05,1.233251312100258e-08
1.1145e-05,1.23718840838395e-08
1.1195e-05,1.24111742346181e-08
1.1245e-05,1.245234018526941e-08
1.1295e-05,1.249351248208785e-08
1.1345e-05,1.253127517167796e-08
1.1395e-05,1.257085509001633e-08
1.1445e-05,1.26123969800941e-08
1.1495e-05,1.26521898119215e-08
1.1545e-05,1.269033758938974e-08
1.1595e-05,1.273057113109268e-08
1.1645e-05,1.27716791423099e-08
1.1695e-05,1.280862166229599e-08
1.1745e-05,1.284991591815218e-08
1.1795e-05,1.288710765173461e-08
1.1845e-05,1.292694357605227e-08
1.1895e-05,1.296406784821465e-08
1.1945e-05,1.300287936292945e-08
1.1995e-05,1.304076881951233e-08
1.2045e-05,1.308056005051227e-08
1.2095e-05,1.31192129895301e-08
1.2145e-05,1.315681567167744e-08
1.2195e-05,1.319661797624847e-08
1.2245e-05,1.323509359565328e-08
1.2295e-05,1.327512809326083e-08
1.2345e-05,1.331274545060112e-08
1.2395e-05,1.335078052751596e-08
1.2445e-05,1.339112277097349e-08
1.2495e-05,1.343134862429062e-08
1.2545e-05,1.346873568845489e-08
1.2595e-05,1.350928179868416e-08
1.2645e-05,1.35481613489629e-08
1.2695e-05,1.358727117799843e-08
1.2745e-05,1.362881066844091e-08
