Point,Corner,d0,d1,d2,d3,d4,temperature,delay,P_avg
2,ff_2,0,0,0,0,1,80,1.46E-09,9.07E-06
18,ff_2,1,0,0,0,1,80,1.58E-09,8.61E-06
10,ff_2,0,1,0,0,1,80,1.70E-09,8.18E-06
2,ff_1,0,0,0,0,1,0,1.80E-09,8.23E-06
2,sf_2,0,0,0,0,1,80,1.92E-09,9.47E-06
18,ff_1,1,0,0,0,1,0,1.93E-09,7.75E-06
6,ff_2,0,0,1,0,1,80,1.95E-09,7.36E-06
2,ff_0,0,0,0,0,1,-55,2.05E-09,8.37E-06
10,ff_1,0,1,0,0,1,0,2.06E-09,7.34E-06
22,ff_2,1,0,1,0,1,80,2.08E-09,6.92E-06
18,sf_2,1,0,0,0,1,80,2.09E-09,8.92E-06
18,ff_0,1,0,0,0,1,-55,2.18E-09,7.93E-06
14,ff_2,0,1,1,0,1,80,2.20E-09,6.51E-06
10,sf_2,0,1,0,0,1,80,2.25E-09,8.37E-06
10,ff_0,0,1,0,0,1,-55,2.31E-09,7.54E-06
6,ff_1,0,0,1,0,1,0,2.31E-09,6.52E-06
2,sf_1,0,0,0,0,1,0,2.40E-09,8.98E-06
22,ff_1,1,0,1,0,1,0,2.44E-09,6.18E-06
4,ff_2,0,0,0,1,1,80,2.46E-09,5.70E-06
6,ff_0,0,0,1,0,1,-55,2.56E-09,6.78E-06
14,ff_1,0,1,1,0,1,0,2.57E-09,5.79E-06
6,sf_2,0,0,1,0,1,80,2.57E-09,7.30E-06
18,sf_1,1,0,0,0,1,0,2.57E-09,8.45E-06
20,ff_2,1,0,0,1,1,80,2.59E-09,5.31E-06
22,ff_0,1,0,1,0,1,-55,2.69E-09,6.40E-06
12,ff_2,0,1,0,1,1,80,2.72E-09,4.95E-06
2,sf_0,0,0,0,0,1,-55,2.73E-09,9.80E-06
10,sf_1,0,1,0,0,1,0,2.74E-09,7.95E-06
22,sf_2,1,0,1,0,1,80,2.74E-09,6.75E-06
14,ff_0,0,1,1,0,1,-55,2.82E-09,5.97E-06
4,ff_1,0,0,0,1,1,0,2.82E-09,4.95E-06
2,tt_2,0,0,0,0,1,80,2.83E-09,9.23E-06
28,ff_2,1,1,0,1,1,80,2.85E-09,4.52E-06
18,sf_0,1,0,0,0,1,-55,2.90E-09,9.26E-06
14,sf_2,0,1,1,0,1,80,2.90E-09,6.23E-06
20,ff_1,1,0,0,1,1,0,2.95E-09,4.58E-06
8,ff_2,0,0,1,1,1,80,2.98E-09,4.15E-06
18,tt_2,1,0,0,0,1,80,3.00E-09,8.70E-06
10,sf_0,0,1,0,0,1,-55,3.06E-09,8.76E-06
30,sf_2,1,1,1,0,1,80,3.06E-09,5.71E-06
6,sf_1,0,0,1,0,1,0,3.07E-09,6.90E-06
4,ff_0,0,0,0,1,1,-55,3.07E-09,5.21E-06
12,ff_1,0,1,0,1,1,0,3.08E-09,4.19E-06
24,ff_2,1,0,1,1,1,80,3.10E-09,3.78E-06
10,tt_2,0,1,0,0,1,80,3.17E-09,8.22E-06
20,ff_0,1,0,0,1,1,-55,3.20E-09,4.81E-06
28,ff_1,1,1,0,1,1,0,3.21E-09,3.83E-06
22,sf_1,1,0,1,0,1,0,3.23E-09,6.40E-06
16,ff_2,0,1,1,1,1,80,3.24E-09,3.47E-06
4,sf_2,0,0,0,1,1,80,3.24E-09,5.19E-06
2,tt_1,0,0,0,0,1,0,3.32E-09,9.19E-06
12,ff_0,0,1,0,1,1,-55,3.33E-09,4.42E-06
8,ff_1,0,0,1,1,1,0,3.34E-09,3.45E-06
1,ff_2,0,0,0,0,0,80,3.37E-09,3.06E-06
6,sf_0,0,0,1,0,1,-55,3.40E-09,7.73E-06
14,sf_1,0,1,1,0,1,0,3.40E-09,5.88E-06
20,sf_2,1,0,0,1,1,80,3.40E-09,4.66E-06
28,ff_0,1,1,0,1,1,-55,3.46E-09,4.04E-06
24,ff_1,1,0,1,1,1,0,3.47E-09,3.08E-06
18,tt_1,1,0,0,0,1,0,3.49E-09,8.67E-06
6,tt_2,0,0,1,0,1,80,3.50E-09,7.16E-06
17,ff_2,1,0,0,0,0,80,3.50E-09,3.34E-06
30,sf_1,1,1,1,0,1,0,3.56E-09,5.36E-06
22,sf_0,1,0,1,0,1,-55,3.57E-09,7.23E-06
12,sf_2,0,1,0,1,1,80,3.57E-09,4.12E-06
8,ff_0,0,0,1,1,1,-55,3.59E-09,3.65E-06
16,ff_1,0,1,1,1,1,0,3.60E-09,2.68E-06
9,ff_2,0,1,0,0,0,80,3.64E-09,3.68E-06
2,fs_2,0,0,0,0,1,80,3.64E-09,9.34E-06
10,tt_1,0,1,0,0,1,0,3.66E-09,8.16E-06
2,tt_0,0,0,0,0,1,-55,3.66E-09,1.04E-05
22,tt_2,1,0,1,0,1,80,3.67E-09,6.65E-06
24,ff_0,1,0,1,1,1,-55,3.72E-09,3.28E-06
1,ff_1,0,0,0,0,0,0,3.73E-09,2.32E-06
4,sf_1,0,0,0,1,1,0,3.73E-09,4.85E-06
14,sf_0,0,1,1,0,1,-55,3.74E-09,6.71E-06
28,sf_2,1,1,0,1,1,80,3.74E-09,3.62E-06
18,fs_2,1,0,0,0,1,80,3.81E-09,8.88E-06
18,tt_0,1,0,0,0,1,-55,3.83E-09,9.88E-06
14,tt_2,0,1,1,0,1,80,3.83E-09,6.16E-06
16,ff_0,0,1,1,1,1,-55,3.85E-09,2.96E-06
17,ff_1,1,0,0,0,0,0,3.85E-09,2.64E-06
20,sf_1,1,0,0,1,1,0,3.90E-09,4.33E-06
30,sf_0,1,1,1,0,1,-55,3.90E-09,6.19E-06
8,sf_2,0,0,1,1,1,80,3.91E-09,3.12E-06
5,ff_2,0,0,1,0,0,80,3.92E-09,4.37E-06
10,fs_2,0,1,0,0,1,80,3.97E-09,8.36E-06
1,ff_0,0,0,0,0,0,-55,3.98E-09,2.65E-06
9,ff_1,0,1,0,0,0,0,3.98E-09,2.99E-06
6,tt_1,0,0,1,0,1,0,3.99E-09,7.14E-06
10,tt_0,0,1,0,0,1,-55,4.00E-09,9.36E-06
30,tt_2,1,1,1,0,1,80,4.00E-09,5.61E-06
12,sf_1,0,1,0,1,1,0,4.07E-09,3.83E-06
21,ff_2,1,0,1,0,0,80,4.07E-09,4.76E-06
24,sf_2,1,0,1,1,1,80,4.07E-09,2.62E-06
4,sf_0,0,0,0,1,1,-55,4.07E-09,5.67E-06
17,ff_0,1,0,0,0,0,-55,4.11E-09,2.85E-06
2,fs_1,0,0,0,0,1,0,4.13E-09,9.86E-06
22,tt_1,1,0,1,0,1,0,4.16E-09,6.64E-06
4,tt_2,0,0,0,1,1,80,4.17E-09,5.10E-06
13,ff_2,0,1,1,0,0,80,4.23E-09,5.14E-06
20,sf_0,1,0,0,1,1,-55,4.23E-09,5.16E-06
9,ff_0,0,1,0,0,0,-55,4.23E-09,3.21E-06
28,sf_1,1,1,0,1,1,0,4.24E-09,3.29E-06
16,sf_2,0,1,1,1,1,80,4.24E-09,2.13E-06
5,ff_1,0,0,1,0,0,0,4.24E-09,3.68E-06
18,fs_1,1,0,0,0,1,0,4.30E-09,9.37E-06
6,fs_2,0,0,1,0,1,80,4.31E-09,7.28E-06
14,tt_1,0,1,1,0,1,0,4.33E-09,6.12E-06
6,tt_0,0,0,1,0,1,-55,4.33E-09,8.35E-06
20,tt_2,1,0,0,1,1,80,4.33E-09,4.59E-06
21,ff_1,1,0,1,0,0,0,4.38E-09,4.09E-06
1,sf_2,0,0,0,0,0,80,4.40E-09,1.68E-06
8,sf_1,0,0,1,1,1,0,4.40E-09,2.80E-06
12,sf_0,0,1,0,1,1,-55,4.41E-09,4.67E-06
2,fs_0,0,0,0,0,1,-55,4.46E-09,1.05E-05
10,fs_1,0,1,0,0,1,0,4.46E-09,8.84E-06
22,fs_2,1,0,1,0,1,80,4.48E-09,6.79E-06
2,ss_2,0,0,0,0,1,80,4.48E-09,1.07E-05
5,ff_0,0,0,1,0,0,-55,4.49E-09,3.93E-06
22,tt_0,1,0,1,0,1,-55,4.49E-09,7.83E-06
30,tt_1,1,1,1,0,1,0,4.49E-09,5.61E-06
12,tt_2,0,1,0,1,1,80,4.50E-09,4.06E-06
13,ff_1,0,1,1,0,0,0,4.50E-09,4.44E-06
24,sf_1,1,0,1,1,1,0,4.57E-09,2.29E-06
28,sf_0,1,1,0,1,1,-55,4.57E-09,4.13E-06
17,sf_2,1,0,0,0,0,80,4.58E-09,2.04E-06
3,ff_2,0,0,0,1,0,80,4.60E-09,5.96E-06
21,ff_0,1,0,1,0,0,-55,4.62E-09,4.29E-06
18,fs_0,1,0,0,0,1,-55,4.62E-09,9.95E-06
14,fs_2,0,1,1,0,1,80,4.64E-09,6.28E-06
4,tt_1,0,0,0,1,1,0,4.66E-09,5.07E-06
14,tt_0,0,1,1,0,1,-55,4.66E-09,7.32E-06
28,tt_2,1,1,0,1,1,80,4.67E-09,3.54E-06
18,ss_2,1,0,0,0,1,80,4.68E-09,1.00E-05
16,sf_1,0,1,1,1,1,0,4.74E-09,1.79E-06
8,sf_0,0,0,1,1,1,-55,4.75E-09,3.62E-06
13,ff_0,0,1,1,0,0,-55,4.75E-09,4.67E-06
9,sf_2,0,1,0,0,0,80,4.75E-09,2.57E-06
3,ff_1,0,0,0,1,0,0,4.78E-09,5.20E-06
10,fs_0,0,1,0,0,1,-55,4.79E-09,9.45E-06
6,fs_1,0,0,1,0,1,0,4.80E-09,7.82E-06
19,ff_2,1,0,0,1,0,80,4.80E-09,6.33E-06
30,fs_2,1,1,1,0,1,80,4.82E-09,5.77E-06
20,tt_1,1,0,0,1,1,0,4.83E-09,4.55E-06
30,tt_0,1,1,1,0,1,-55,4.83E-09,6.80E-06
8,tt_2,0,0,1,1,1,80,4.84E-09,3.05E-06
10,ss_2,0,1,0,0,1,80,4.89E-09,9.38E-06
24,sf_0,1,0,1,1,1,-55,4.91E-09,3.15E-06
1,sf_1,0,0,0,0,0,0,4.91E-09,1.33E-06
19,ff_1,1,0,0,1,0,0,4.93E-09,5.60E-06
22,fs_1,1,0,1,0,1,0,4.97E-09,7.29E-06
4,fs_2,0,0,0,1,1,80,4.99E-09,5.22E-06
4,tt_0,0,0,0,1,1,-55,5.00E-09,6.28E-06
12,tt_1,0,1,0,1,1,0,5.00E-09,4.07E-06
3,ff_0,0,0,0,1,0,-55,5.00E-09,5.43E-06
11,ff_2,0,1,0,1,0,80,5.02E-09,6.68E-06
17,sf_1,1,0,0,0,0,0,5.08E-09,1.74E-06
2,ss_1,0,0,0,0,1,0,5.08E-09,1.17E-05
16,sf_0,0,1,1,1,1,-55,5.08E-09,2.65E-06
11,ff_1,0,1,0,1,0,0,5.08E-09,5.97E-06
5,sf_2,0,0,1,0,0,80,5.11E-09,3.53E-06
6,fs_0,0,0,1,0,1,-55,5.12E-09,8.42E-06
14,fs_1,0,1,1,0,1,0,5.13E-09,6.79E-06
19,ff_0,1,0,0,1,0,-55,5.13E-09,5.82E-06
20,fs_2,1,0,0,1,1,80,5.15E-09,4.69E-06
20,tt_0,1,0,0,1,1,-55,5.16E-09,5.75E-06
28,tt_1,1,1,0,1,1,0,5.17E-09,3.52E-06
16,tt_2,0,1,1,1,1,80,5.18E-09,2.10E-06
1,sf_0,0,0,0,0,0,-55,5.24E-09,2.20E-06
9,sf_1,0,1,0,0,0,0,5.25E-09,2.23E-06
11,ff_0,0,1,0,1,0,-55,5.27E-09,6.19E-06
22,fs_0,1,0,1,0,1,-55,5.29E-09,7.91E-06
21,sf_2,1,0,1,0,0,80,5.30E-09,4.02E-06
18,ss_1,1,0,0,0,1,0,5.30E-09,1.10E-05
30,fs_1,1,1,1,0,1,0,5.30E-09,6.30E-06
6,ss_2,0,0,1,0,1,80,5.31E-09,8.10E-06
12,fs_2,0,1,0,1,1,80,5.32E-09,4.18E-06
12,tt_0,0,1,0,1,1,-55,5.33E-09,5.26E-06
8,tt_1,0,0,1,1,1,0,5.34E-09,3.05E-06
1,tt_2,0,0,0,0,0,80,5.35E-09,1.59E-06
17,sf_0,1,0,0,0,0,-55,5.41E-09,2.59E-06
7,ff_1,0,0,1,1,0,0,5.44E-09,6.71E-06
14,fs_0,0,1,1,0,1,-55,5.46E-09,7.39E-06
4,fs_1,0,0,0,1,1,0,5.47E-09,5.75E-06
7,ff_2,0,0,1,1,0,80,5.49E-09,7.54E-06
13,sf_2,0,1,1,0,0,80,5.49E-09,4.54E-06
28,fs_2,1,1,0,1,1,80,5.49E-09,3.66E-06
28,tt_0,1,1,0,1,1,-55,5.50E-09,4.70E-06
2,ss_0,0,0,0,0,1,-55,5.50E-09,1.24E-05
10,ss_1,0,1,0,0,1,0,5.51E-09,1.04E-05
17,tt_2,1,0,0,0,0,80,5.52E-09,2.00E-06
22,ss_2,1,0,1,0,1,80,5.52E-09,7.39E-06
7,ff_0,0,0,1,1,0,-55,5.55E-09,6.93E-06
9,sf_0,0,1,0,0,0,-55,5.58E-09,3.06E-06
5,sf_1,0,0,1,0,0,0,5.58E-09,3.24E-06
20,fs_1,1,0,0,1,1,0,5.64E-09,5.19E-06
8,fs_2,0,0,1,1,1,80,5.66E-09,3.18E-06
8,tt_0,0,0,1,1,1,-55,5.66E-09,4.20E-06
16,tt_1,0,1,1,1,1,0,5.67E-09,2.05E-06
9,tt_2,0,1,0,0,0,80,5.68E-09,2.51E-06
23,ff_0,1,0,1,1,0,-55,5.69E-09,7.27E-06
29,sf_2,1,1,1,0,0,80,5.70E-09,4.96E-06
23,ff_2,1,0,1,1,0,80,5.71E-09,7.98E-06
18,ss_0,1,0,0,0,1,-55,5.71E-09,1.17E-05
14,ss_2,0,1,1,0,1,80,5.73E-09,6.76E-06
21,sf_1,1,0,1,0,0,0,5.75E-09,3.72E-06
4,fs_0,0,0,0,1,1,-55,5.80E-09,6.34E-06
12,fs_1,0,1,0,1,1,0,5.80E-09,4.72E-06
24,fs_2,1,0,1,1,1,80,5.83E-09,2.67E-06
1,tt_1,0,0,0,0,0,0,5.84E-09,1.55E-06
15,ff_0,0,1,1,1,0,-55,5.86E-09,7.81E-06
15,ff_1,0,1,1,1,0,0,5.86E-09,7.60E-06
15,ff_2,0,1,1,1,0,80,5.91E-09,8.44E-06
3,sf_2,0,0,0,1,0,80,5.91E-09,5.49E-06
13,sf_1,0,1,1,0,0,0,5.92E-09,4.24E-06
5,sf_0,0,0,1,0,0,-55,5.92E-09,4.07E-06
10,ss_0,0,1,0,0,1,-55,5.92E-09,1.11E-05
6,ss_1,0,0,1,0,1,0,5.92E-09,9.02E-06
30,ss_2,1,1,1,0,1,80,5.93E-09,6.13E-06
20,fs_0,1,0,0,1,1,-55,5.96E-09,5.78E-06
28,fs_1,1,1,0,1,1,0,5.97E-09,4.22E-06
16,fs_2,0,1,1,1,1,80,5.99E-09,2.18E-06
16,tt_0,0,1,1,1,1,-55,6.00E-09,3.25E-06
17,tt_1,1,0,0,0,0,0,6.00E-09,1.97E-06
5,tt_2,0,0,1,0,0,80,6.03E-09,3.45E-06
21,sf_0,1,0,1,0,0,-55,6.08E-09,4.57E-06
29,sf_1,1,1,1,0,0,0,6.09E-09,4.73E-06
22,ss_1,1,0,1,0,1,0,6.13E-09,8.39E-06
12,fs_0,0,1,0,1,1,-55,6.13E-09,5.29E-06
8,fs_1,0,0,1,1,1,0,6.14E-09,3.72E-06
4,ss_2,0,0,0,1,1,80,6.14E-09,5.49E-06
1,fs_2,0,0,0,0,0,80,6.16E-09,1.68E-06
1,tt_0,0,0,0,0,0,-55,6.16E-09,2.78E-06
19,sf_2,1,0,0,1,0,80,6.16E-09,5.97E-06
9,tt_1,0,1,0,0,0,0,6.17E-09,2.45E-06
21,tt_2,1,0,1,0,0,80,6.20E-09,3.98E-06
13,sf_0,0,1,1,0,0,-55,6.24E-09,5.09E-06
3,sf_1,0,0,0,1,0,0,6.27E-09,5.22E-06
28,fs_0,1,1,0,1,1,-55,6.29E-09,4.78E-06
24,fs_1,1,0,1,1,1,0,6.31E-09,3.18E-06
17,tt_0,1,0,0,0,0,-55,6.33E-09,3.16E-06
14,ss_1,0,1,1,0,1,0,6.33E-09,7.75E-06
17,fs_2,1,0,0,0,0,80,6.33E-09,2.10E-06
6,ss_0,0,0,1,0,1,-55,6.34E-09,9.72E-06
20,ss_2,1,0,0,1,1,80,6.35E-09,4.87E-06
13,tt_2,0,1,1,0,0,80,6.37E-09,4.49E-06
29,sf_0,1,1,1,0,0,-55,6.42E-09,5.55E-06
11,sf_2,0,1,0,1,0,80,6.43E-09,6.44E-06
19,sf_1,1,0,0,1,0,0,6.44E-09,5.73E-06
8,fs_0,0,0,1,1,1,-55,6.46E-09,4.28E-06
16,fs_1,0,1,1,1,1,0,6.47E-09,2.70E-06
9,tt_0,0,1,0,0,0,-55,6.49E-09,3.65E-06
9,fs_2,0,1,0,0,0,80,6.50E-09,2.59E-06
5,tt_1,0,0,1,0,0,0,6.50E-09,3.42E-06
22,ss_0,1,0,1,0,1,-55,6.53E-09,9.08E-06
30,ss_1,1,1,1,0,1,0,6.54E-09,7.12E-06
29,tt_2,1,1,1,0,0,80,6.55E-09,4.99E-06
12,ss_2,0,1,0,1,1,80,6.55E-09,4.22E-06
3,sf_0,0,0,0,1,0,-55,6.58E-09,6.05E-06
11,sf_1,0,1,0,1,0,0,6.63E-09,6.19E-06
24,fs_0,1,0,1,1,1,-55,6.63E-09,3.78E-06
1,fs_1,0,0,0,0,0,0,6.64E-09,2.23E-06
21,tt_1,1,0,1,0,0,0,6.67E-09,3.95E-06
27,sf_2,1,1,0,1,0,80,6.72E-09,6.96E-06
3,tt_2,0,0,0,1,0,80,6.73E-09,5.44E-06
19,sf_0,1,0,0,1,0,-55,6.74E-09,6.56E-06
4,ss_1,0,0,0,1,1,0,6.75E-09,6.48E-06
14,ss_0,0,1,1,0,1,-55,6.75E-09,8.44E-06
28,ss_2,1,1,0,1,1,80,6.76E-09,3.59E-06
16,fs_0,0,1,1,1,1,-55,6.80E-09,3.28E-06
17,fs_1,1,0,0,0,0,0,6.81E-09,2.64E-06
27,sf_1,1,1,0,1,0,0,6.82E-09,6.69E-06
5,tt_0,0,0,1,0,0,-55,6.83E-09,4.65E-06
5,fs_2,0,0,1,0,0,80,6.83E-09,3.58E-06
13,tt_1,0,1,1,0,0,0,6.84E-09,4.43E-06
19,tt_2,1,0,0,1,0,80,6.92E-09,5.98E-06
11,sf_0,0,1,0,1,0,-55,6.93E-09,7.11E-06
20,ss_1,1,0,0,1,1,0,6.95E-09,5.86E-06
30,ss_0,1,1,1,0,1,-55,6.95E-09,7.90E-06
8,ss_2,0,0,1,1,1,80,6.96E-09,2.96E-06
1,fs_0,0,0,0,0,0,-55,6.96E-09,2.82E-06
9,fs_1,0,1,0,0,0,0,6.98E-09,3.11E-06
21,tt_0,1,0,1,0,0,-55,7.00E-09,5.17E-06
21,fs_2,1,0,1,0,0,80,7.00E-09,4.05E-06
29,tt_1,1,1,1,0,0,0,7.01E-09,4.96E-06
7,sf_1,0,0,1,1,0,0,7.02E-09,7.21E-06
7,sf_2,0,0,1,1,0,80,7.03E-09,7.44E-06
27,sf_0,1,1,0,1,0,-55,7.09E-09,7.62E-06
11,tt_2,0,1,0,1,0,80,7.11E-09,6.56E-06
17,fs_0,1,0,0,0,0,-55,7.13E-09,3.23E-06
12,ss_1,0,1,0,1,1,0,7.16E-09,5.26E-06
4,ss_0,0,0,0,1,1,-55,7.16E-09,7.25E-06
13,tt_0,0,1,1,0,0,-55,7.17E-09,5.66E-06
13,fs_2,0,1,1,0,0,80,7.17E-09,4.58E-06
3,tt_1,0,0,0,1,0,0,7.17E-09,5.45E-06
23,sf_1,1,0,1,1,0,0,7.26E-09,7.67E-06
7,sf_0,0,0,1,1,0,-55,7.26E-09,8.12E-06
9,fs_0,0,1,0,0,0,-55,7.29E-09,3.70E-06
5,fs_1,0,0,1,0,0,0,7.31E-09,4.11E-06
27,tt_2,1,1,0,1,0,80,7.32E-09,7.04E-06
29,tt_0,1,1,1,0,0,-55,7.33E-09,6.19E-06
19,tt_1,1,0,0,1,0,0,7.34E-09,6.03E-06
29,fs_2,1,1,1,0,0,80,7.34E-09,5.10E-06
28,ss_1,1,1,0,1,1,0,7.37E-09,4.58E-06
20,ss_0,1,0,0,1,1,-55,7.37E-09,6.56E-06
23,sf_2,1,0,1,1,0,80,7.37E-09,7.92E-06
16,ss_2,0,1,1,1,1,80,7.38E-09,1.73E-06
23,sf_0,1,0,1,1,0,-55,7.44E-09,8.58E-06
21,fs_1,1,0,1,0,0,0,7.48E-09,4.62E-06
3,tt_0,0,0,0,1,0,-55,7.50E-09,6.66E-06
11,tt_1,0,1,0,1,0,0,7.51E-09,6.51E-06
3,fs_2,0,0,0,1,0,80,7.51E-09,5.64E-06
15,sf_1,0,1,1,1,0,0,7.52E-09,8.21E-06
7,tt_2,0,0,1,1,0,80,7.54E-09,7.51E-06
8,ss_1,0,0,1,1,1,0,7.57E-09,3.96E-06
12,ss_0,0,1,0,1,1,-55,7.57E-09,5.91E-06
1,ss_2,0,0,0,0,0,80,7.59E-09,1.12E-06
5,fs_0,0,0,1,0,0,-55,7.63E-09,4.71E-06
15,sf_0,0,1,1,1,0,-55,7.63E-09,9.08E-06
13,fs_1,0,1,1,0,0,0,7.64E-09,5.12E-06
19,tt_0,1,0,0,1,0,-55,7.67E-09,7.18E-06
27,tt_1,1,1,0,1,0,0,7.68E-09,6.98E-06
19,fs_2,1,0,0,1,0,80,7.69E-09,6.15E-06
15,sf_2,0,1,1,1,0,80,7.71E-09,8.43E-06
28,ss_0,1,1,0,1,1,-55,7.77E-09,5.29E-06
23,tt_2,1,0,1,1,0,80,7.79E-09,7.95E-06
21,fs_0,1,0,1,0,0,-55,7.80E-09,5.20E-06
17,ss_2,1,0,0,0,0,80,7.80E-09,1.67E-06
29,fs_1,1,1,1,0,0,0,7.81E-09,5.66E-06
11,tt_0,0,1,0,1,0,-55,7.84E-09,7.68E-06
11,fs_2,0,1,0,1,0,80,7.85E-09,6.60E-06
7,tt_1,0,0,1,1,0,0,7.86E-09,7.49E-06
13,fs_0,0,1,1,0,0,-55,7.96E-09,5.70E-06
3,fs_1,0,0,0,1,0,0,7.97E-09,6.20E-06
8,ss_0,0,0,1,1,1,-55,7.98E-09,4.68E-06
16,ss_1,0,1,1,1,1,0,7.99E-09,2.73E-06
9,ss_2,0,1,0,0,0,80,8.00E-09,2.28E-06
27,tt_0,1,1,0,1,0,-55,8.01E-09,8.16E-06
27,fs_2,1,1,0,1,0,80,8.03E-09,7.11E-06
23,tt_1,1,0,1,1,0,0,8.04E-09,7.94E-06
15,tt_2,0,1,1,1,0,80,8.06E-09,8.43E-06
19,fs_1,1,0,0,1,0,0,8.14E-09,6.69E-06
7,tt_0,0,0,1,1,0,-55,8.17E-09,8.70E-06
1,ss_1,0,0,0,0,0,0,8.19E-09,2.13E-06
7,fs_2,0,0,1,1,0,80,8.22E-09,7.62E-06
15,tt_1,0,1,1,1,0,0,8.22E-09,8.43E-06
3,fs_0,0,0,0,1,0,-55,8.30E-09,6.79E-06
11,fs_1,0,1,0,1,0,0,8.31E-09,7.16E-06
23,tt_0,1,0,1,1,0,-55,8.34E-09,9.15E-06
16,ss_0,0,1,1,1,1,-55,8.39E-09,3.43E-06
17,ss_1,1,0,0,0,0,0,8.40E-09,2.69E-06
5,ss_2,0,0,1,0,0,80,8.42E-09,3.50E-06
23,fs_2,1,0,1,1,0,80,8.42E-09,8.05E-06
19,fs_0,1,0,0,1,0,-55,8.47E-09,7.21E-06
27,fs_1,1,1,0,1,0,0,8.48E-09,7.64E-06
15,tt_0,0,1,1,1,0,-55,8.51E-09,9.65E-06
1,ss_0,0,0,0,0,0,-55,8.60E-09,2.83E-06
9,ss_1,0,1,0,0,0,0,8.61E-09,3.27E-06
15,fs_2,0,1,1,1,0,80,8.62E-09,8.54E-06
21,ss_2,1,0,1,0,0,80,8.63E-09,4.13E-06
11,fs_0,0,1,0,1,0,-55,8.63E-09,7.74E-06
7,fs_1,0,0,1,1,0,0,8.65E-09,8.12E-06
27,fs_0,1,1,0,1,0,-55,8.80E-09,8.22E-06
17,ss_0,1,0,0,0,0,-55,8.81E-09,3.38E-06
23,fs_1,1,0,1,1,0,0,8.82E-09,8.62E-06
13,ss_2,0,1,1,0,0,80,8.83E-09,4.72E-06
7,fs_0,0,0,1,1,0,-55,8.97E-09,8.71E-06
15,fs_1,0,1,1,1,0,0,8.99E-09,9.16E-06
9,ss_0,0,1,0,0,0,-55,9.01E-09,3.98E-06
5,ss_1,0,0,1,0,0,0,9.02E-09,4.47E-06
29,ss_2,1,1,1,0,0,80,9.04E-09,5.32E-06
23,fs_0,1,0,1,1,0,-55,9.14E-09,9.21E-06
21,ss_1,1,0,1,0,0,0,9.23E-09,5.07E-06
3,ss_2,0,0,0,1,0,80,9.25E-09,5.90E-06
15,fs_0,0,1,1,1,0,-55,9.30E-09,9.67E-06
5,ss_0,0,0,1,0,0,-55,9.43E-09,5.08E-06
13,ss_1,0,1,1,0,0,0,9.43E-09,5.63E-06
19,ss_2,1,0,0,1,0,80,9.46E-09,6.45E-06
21,ss_0,1,0,1,0,0,-55,9.59E-09,5.75E-06
29,ss_1,1,1,1,0,0,0,9.64E-09,6.25E-06
11,ss_2,0,1,0,1,0,80,9.68E-09,7.06E-06
13,ss_0,0,1,1,0,0,-55,9.81E-09,6.29E-06
3,ss_1,0,0,0,1,0,0,9.81E-09,6.81E-06
27,ss_2,1,1,0,1,0,80,9.86E-09,7.57E-06
29,ss_0,1,1,1,0,0,-55,1.00E-08,6.86E-06
19,ss_1,1,0,0,1,0,0,1.00E-08,7.39E-06
7,ss_2,0,0,1,1,0,80,1.01E-08,8.09E-06
11,ss_1,0,1,0,1,0,0,1.03E-08,7.99E-06
3,ss_0,0,0,0,1,0,-55,1.03E-08,7.54E-06
23,ss_2,1,0,1,1,0,80,1.03E-08,8.76E-06
27,ss_1,1,1,0,1,0,0,1.05E-08,8.73E-06
19,ss_0,1,0,0,1,0,-55,1.05E-08,8.21E-06
15,ss_2,0,1,1,1,0,80,1.07E-08,9.58E-06
7,ss_1,0,0,1,1,0,0,1.09E-08,9.45E-06
11,ss_0,0,1,0,1,0,-55,1.09E-08,8.89E-06
23,ss_1,1,0,1,1,0,0,1.14E-08,1.01E-05
27,ss_0,1,1,0,1,0,-55,1.15E-08,9.52E-06
15,ss_1,0,1,1,1,0,0,1.21E-08,1.08E-05
7,ss_0,0,0,1,1,0,-55,1.22E-08,1.02E-05
23,ss_0,1,0,1,1,0,-55,1.34E-08,1.08E-05
15,ss_0,0,1,1,1,0,-55,1.50E-08,1.14E-05
24,ss_0,1,0,1,1,1,-55,8.19E-09,4.07E-06
24,ss_1,1,0,1,1,1,0,7.78E-09,3.36E-06
24,ss_2,1,0,1,1,1,80,7.17E-09,2.35E-06
24,tt_0,1,0,1,1,1,-55,5.83E-09,3.73E-06
24,tt_1,1,0,1,1,1,0,5.50E-09,2.54E-06
24,tt_2,1,0,1,1,1,80,5.01E-09,2.56E-06
25,ff_0,1,1,0,0,0,-55,4.36E-09,3.61E-06
25,ff_1,1,1,0,0,0,0,4.11E-09,3.34E-06
25,ff_2,1,1,0,0,0,80,3.78E-09,4.02E-06
25,fs_0,1,1,0,0,0,-55,7.46E-09,4.20E-06
25,fs_1,1,1,0,0,0,0,7.14E-09,3.62E-06
25,fs_2,1,1,0,0,0,80,6.66E-09,3.08E-06
25,sf_0,1,1,0,0,0,-55,5.75E-09,3.54E-06
25,sf_1,1,1,0,0,0,0,5.41E-09,2.72E-06
25,sf_2,1,1,0,0,0,80,4.94E-09,3.02E-06
25,ss_0,1,1,0,0,0,-55,9.22E-09,4.55E-06
25,ss_1,1,1,0,0,0,0,8.81E-09,3.89E-06
25,ss_2,1,1,0,0,0,80,8.21E-09,2.90E-06
25,tt_0,1,1,0,0,0,-55,6.66E-09,4.16E-06
25,tt_1,1,1,0,0,0,0,6.34E-09,2.93E-06
25,tt_2,1,1,0,0,0,80,5.86E-09,2.97E-06
26,ff_0,1,1,0,0,1,-55,2.44E-09,7.14E-06
26,ff_1,1,1,0,0,1,0,2.18E-09,6.93E-06
26,ff_2,1,1,0,0,1,80,1.82E-09,7.72E-06
26,fs_0,1,1,0,0,1,-55,4.96E-09,8.94E-06
26,fs_1,1,1,0,0,1,0,4.63E-09,8.33E-06
26,fs_2,1,1,0,0,1,80,4.14E-09,7.80E-06
26,sf_0,1,1,0,0,1,-55,3.23E-09,8.25E-06
26,sf_1,1,1,0,0,1,0,2.90E-09,7.43E-06
26,sf_2,1,1,0,0,1,80,2.41E-09,7.81E-06
26,ss_0,1,1,0,0,1,-55,6.12E-09,1.04E-05
26,ss_1,1,1,0,0,1,0,5.71E-09,9.75E-06
26,ss_2,1,1,0,0,1,80,5.10E-09,8.74E-06
26,tt_0,1,1,0,0,1,-55,4.16E-09,8.85E-06
26,tt_1,1,1,0,0,1,0,3.83E-09,7.65E-06
26,tt_2,1,1,0,0,1,80,3.33E-09,7.70E-06
27,ff_0,1,1,0,1,0,-55,5.40E-09,6.58E-06
27,ff_1,1,1,0,1,0,0,5.25E-09,6.36E-06
27,ff_2,1,1,0,1,0,80,5.26E-09,7.13E-06
29,ff_0,1,1,1,0,0,-55,4.87E-09,5.08E-06
29,ff_1,1,1,1,0,0,0,4.64E-09,4.88E-06
29,ff_2,1,1,1,0,0,80,4.41E-09,5.49E-06
29,fs_0,1,1,1,0,0,-55,8.13E-09,6.27E-06
30,ff_0,1,1,1,0,1,-55,2.95E-09,5.62E-06
30,ff_1,1,1,1,0,1,0,2.70E-09,5.33E-06
30,ff_2,1,1,1,0,1,80,2.33E-09,6.11E-06
30,fs_0,1,1,1,0,1,-55,5.63E-09,6.88E-06
31,ff_0,1,1,1,1,0,-55,6.04E-09,8.28E-06
31,ff_1,1,1,1,1,0,0,6.09E-09,8.03E-06
31,ff_2,1,1,1,1,0,80,6.07E-09,8.88E-06
31,fs_0,1,1,1,1,0,-55,9.47E-09,1.01E-05
31,fs_1,1,1,1,1,0,0,9.16E-09,9.66E-06
31,fs_2,1,1,1,1,0,80,8.83E-09,9.04E-06
31,sf_0,1,1,1,1,0,-55,7.83E-09,9.54E-06
31,sf_1,1,1,1,1,0,0,7.81E-09,8.69E-06
31,sf_2,1,1,1,1,0,80,8.02E-09,8.99E-06
31,ss_0,1,1,1,1,0,-55,1.78E-08,1.20E-05
31,ss_1,1,1,1,1,0,0,1.30E-08,1.14E-05
31,ss_2,1,1,1,1,0,80,1.11E-08,1.04E-05
31,tt_0,1,1,1,1,0,-55,8.68E-09,1.02E-05
31,tt_1,1,1,1,1,0,0,8.42E-09,9.00E-06
31,tt_2,1,1,1,1,0,80,8.34E-09,8.91E-06
32,ff_0,1,1,1,1,1,-55,3.98E-09,2.65E-06
32,ff_1,1,1,1,1,1,0,3.73E-09,2.32E-06
32,ff_2,1,1,1,1,1,80,3.37E-09,3.06E-06
32,fs_0,1,1,1,1,1,-55,6.96E-09,2.82E-06
32,fs_1,1,1,1,1,1,0,6.64E-09,2.23E-06
32,fs_2,1,1,1,1,1,80,6.16E-09,1.68E-06
32,sf_0,1,1,1,1,1,-55,5.24E-09,2.20E-06
32,sf_1,1,1,1,1,1,0,4.91E-09,1.33E-06
32,sf_2,1,1,1,1,1,80,4.40E-09,1.68E-06
32,ss_0,1,1,1,1,1,-55,8.60E-09,2.83E-06
32,ss_1,1,1,1,1,1,0,8.19E-09,2.13E-06
32,ss_2,1,1,1,1,1,80,7.59E-09,1.12E-06
32,tt_0,1,1,1,1,1,-55,6.16E-09,2.78E-06
32,tt_1,1,1,1,1,1,0,5.84E-09,1.55E-06
32,tt_2,1,1,1,1,1,80,5.35E-09,1.59E-06
23,ff_1,1,0,1,1,0,0,5.64E-09,7.10E-06
