delay X,delay Y
4.10E-08,5.8591606000E-09
6.10E-08,5.8544466887E-09
8.10E-08,5.8495083236E-09
1.01E-07,5.8450695085E-09
1.21E-07,5.8408997341E-09
1.41E-07,5.8363895141E-09
1.61E-07,5.8312596907E-09
1.81E-07,5.8273678267E-09
2.01E-07,5.8229192717E-09
2.21E-07,5.8191000534E-09
2.41E-07,5.8135523250E-09
2.61E-07,5.8092018861E-09
2.81E-07,5.8051831222E-09
3.01E-07,5.8002516240E-09
3.21E-07,5.7957411889E-09
3.41E-07,5.7916062238E-09
3.61E-07,5.7868489922E-09
3.81E-07,5.7826498372E-09
4.01E-07,5.7784111497E-09
4.21E-07,5.7742761340E-09
4.41E-07,5.7693393131E-09
4.61E-07,5.7647300603E-09
4.81E-07,5.7608090660E-09
5.01E-07,5.7561720469E-09
5.21E-07,5.7515848829E-09
5.41E-07,5.7474504935E-09
5.61E-07,5.7426351670E-09
5.81E-07,5.7387396501E-09
6.01E-07,5.7334521195E-09
6.21E-07,5.7299910262E-09
6.41E-07,5.7252510636E-09
6.61E-07,5.7250600414E-09
6.81E-07,5.7204004579E-09
7.01E-07,5.7164826097E-09
7.21E-07,5.7124010150E-09
7.41E-07,5.7073306330E-09
7.61E-07,5.7044018399E-09
7.81E-07,5.6996005275E-09
8.01E-07,5.6940394259E-09
8.21E-07,5.6896079887E-09
8.41E-07,5.6851688257E-09
8.61E-07,5.6812620484E-09
8.81E-07,5.6763808544E-09
9.01E-07,5.6720218521E-09
9.21E-07,5.6677332225E-09
9.41E-07,5.6644445657E-09
9.61E-07,5.6590775136E-09
9.81E-07,5.6541879216E-09
1.00E-06,5.6500394171E-09
1.02E-06,5.6451630203E-09
1.04E-06,5.6408999891E-09
1.06E-06,5.6365307514E-09
1.08E-06,5.6321664768E-09
1.10E-06,5.6274176342E-09
1.12E-06,5.6229080131E-09
1.14E-06,5.6185584985E-09
1.16E-06,5.6139445048E-09
1.18E-06,5.6107358109E-09
1.20E-06,5.6062785924E-09
1.22E-06,5.6009844546E-09
1.24E-06,5.5968393958E-09
1.26E-06,5.5920302814E-09
1.28E-06,5.5922443943E-09
1.30E-06,5.7090023442E-09
1.32E-06,5.7007513709E-09
1.34E-06,5.6955967880E-09
1.36E-06,5.6918091700E-09
1.38E-06,5.6882725384E-09
1.40E-06,5.6826105016E-09
1.42E-06,5.6782211063E-09
1.44E-06,5.6734402063E-09
1.46E-06,5.6687769320E-09
1.48E-06,5.6645540521E-09
1.50E-06,5.6598983392E-09
1.52E-06,5.6552550793E-09
1.54E-06,5.6507528055E-09
1.56E-06,5.6462362490E-09
1.58E-06,5.6417654372E-09
1.60E-06,5.6372961186E-09
1.62E-06,5.6328652750E-09
1.64E-06,5.6284838078E-09
1.66E-06,5.6241963232E-09
1.68E-06,5.6197676705E-09
1.70E-06,5.6152350002E-09
1.72E-06,5.6110950935E-09
1.74E-06,5.6065928355E-09
1.76E-06,5.6021008135E-09
1.78E-06,5.5973889724E-09
1.80E-06,5.5929757084E-09
1.82E-06,5.5887881622E-09
1.84E-06,5.5853528676E-09
1.86E-06,5.5796940422E-09
1.88E-06,5.5754070501E-09
1.90E-06,5.5718433173E-09
1.92E-06,5.5666386355E-09
1.94E-06,5.5666235062E-09
1.96E-06,5.5623048318E-09
1.98E-06,5.5575980528E-09
2.00E-06,5.5534551878E-09
2.02E-06,5.5487289271E-09
2.04E-06,5.5443114440E-09
2.06E-06,5.5399486165E-09
2.08E-06,5.5356035995E-09
2.10E-06,5.5311662600E-09
2.12E-06,5.5267200948E-09
2.14E-06,5.5224683842E-09
2.16E-06,5.5182046556E-09
2.18E-06,5.5139010270E-09
2.20E-06,5.5090888093E-09
2.22E-06,5.5060341245E-09
2.24E-06,5.5001656021E-09
2.26E-06,5.4957781251E-09
2.28E-06,5.4912886895E-09
2.30E-06,5.4870534301E-09
2.32E-06,5.4828489809E-09
2.34E-06,5.4779136249E-09
2.36E-06,5.4734684013E-09
2.38E-06,5.4690489353E-09
2.40E-06,5.4646429520E-09
2.42E-06,5.4603483678E-09
2.44E-06,5.4560599367E-09
2.46E-06,5.4511760824E-09
2.48E-06,5.4468106923E-09
2.50E-06,5.4423652280E-09
2.52E-06,5.4380606354E-09
2.54E-06,5.4337708760E-09
2.56E-06,5.4320244697E-09
2.58E-06,5.5032793469E-09
2.60E-06,5.5446644955E-09
2.62E-06,5.5403974907E-09
2.64E-06,5.5358357852E-09
2.66E-06,5.5306943758E-09
2.68E-06,5.5262203747E-09
2.70E-06,5.5216843599E-09
2.72E-06,5.5172427404E-09
2.74E-06,5.5127489258E-09
2.76E-06,5.5072128622E-09
2.78E-06,5.5037041027E-09
2.80E-06,5.4982737377E-09
2.82E-06,5.4939128127E-09
2.84E-06,5.4908817600E-09
2.86E-06,5.4863823721E-09
2.88E-06,5.4820528386E-09
2.90E-06,5.4771738413E-09
2.92E-06,5.4727317234E-09
2.94E-06,5.4683252656E-09
2.96E-06,5.4638950408E-09
2.98E-06,5.4594625852E-09
3.00E-06,5.4551282787E-09
3.02E-06,5.4510445937E-09
3.04E-06,5.4462290536E-09
3.06E-06,5.4417956920E-09
3.08E-06,5.4374367114E-09
3.10E-06,5.4329949467E-09
3.12E-06,5.4276234336E-09
3.14E-06,5.4243577285E-09
3.16E-06,5.4197281073E-09
3.18E-06,5.4141642612E-09
3.20E-06,5.4108607254E-09
3.22E-06,5.4107138622E-09
3.24E-06,5.4062388725E-09
3.26E-06,5.4017560614E-09
3.28E-06,5.3975510739E-09
3.30E-06,5.3931525326E-09
3.32E-06,5.3886998447E-09
3.34E-06,5.3829822764E-09
3.36E-06,5.3791875918E-09
3.38E-06,5.3750956109E-09
3.40E-06,5.3706712591E-09
3.42E-06,5.3662411244E-09
3.44E-06,5.3617469200E-09
3.46E-06,5.3573057582E-09
3.48E-06,5.3527878930E-09
3.50E-06,5.3483232294E-09
3.52E-06,5.3439493396E-09
3.54E-06,5.3394718549E-09
3.56E-06,5.3349941779E-09
3.58E-06,5.3305208185E-09
3.60E-06,5.3256804031E-09
3.62E-06,5.3215810109E-09
3.64E-06,5.3161148167E-09
3.66E-06,5.3126330979E-09
3.68E-06,5.3079636687E-09
3.70E-06,5.3034146734E-09
3.72E-06,5.2993328741E-09
3.74E-06,5.2949164624E-09
3.76E-06,5.2905005305E-09
3.78E-06,5.2861238904E-09
3.80E-06,5.2817768711E-09
3.82E-06,5.2774252505E-09
3.84E-06,5.2732159573E-09
3.86E-06,5.2775542605E-09
3.88E-06,5.3872873674E-09
3.90E-06,5.3823720078E-09
3.92E-06,5.3777071642E-09
3.94E-06,5.3731690041E-09
3.96E-06,5.3684919857E-09
3.98E-06,5.3639540519E-09
4.00E-06,5.3594463023E-09
4.02E-06,5.3548031595E-09
4.04E-06,5.3503149901E-09
4.06E-06,5.3458555086E-09
4.08E-06,5.3413220419E-09
4.10E-06,5.3368400728E-09
4.12E-06,5.3324188984E-09
4.14E-06,5.3279659782E-09
4.16E-06,5.3234438567E-09
4.18E-06,5.3189797054E-09
4.20E-06,5.3144742082E-09
4.22E-06,5.3098089881E-09
4.24E-06,5.3055654230E-09
4.26E-06,5.3011637947E-09
4.28E-06,5.2967562844E-09
4.30E-06,5.2922790667E-09
4.32E-06,5.2878003997E-09
4.34E-06,5.2833718819E-09
4.36E-06,5.2788962947E-09
4.38E-06,5.2745438396E-09
4.40E-06,5.2701264833E-09
4.42E-06,5.2657053626E-09
4.44E-06,5.2612608266E-09
4.46E-06,5.2567961593E-09
4.48E-06,5.2524378599E-09
4.50E-06,5.2515447429E-09
4.52E-06,5.2478147699E-09
4.54E-06,5.2433660931E-09
4.56E-06,5.2389233915E-09
4.58E-06,5.2344953672E-09
4.60E-06,5.2299991819E-09
4.62E-06,5.2255888454E-09
4.64E-06,5.2211629008E-09
4.66E-06,5.2167128080E-09
4.68E-06,5.2122553527E-09
4.70E-06,5.2077977319E-09
4.72E-06,5.2033706847E-09
4.74E-06,5.1991503073E-09
4.76E-06,5.1944495355E-09
4.78E-06,5.1900692119E-09
4.80E-06,5.1855863096E-09
4.82E-06,5.1811157337E-09
4.84E-06,5.1766268217E-09
4.86E-06,5.1721862953E-09
4.88E-06,5.1677276304E-09
4.90E-06,5.1632672977E-09
4.92E-06,5.1588270654E-09
4.94E-06,5.1543932653E-09
4.96E-06,5.1499269436E-09
4.98E-06,5.1455559742E-09
5.00E-06,5.1411577715E-09
5.02E-06,5.1367551875E-09
5.04E-06,5.1323886692E-09
5.06E-06,5.1280135095E-09
5.08E-06,5.1236547882E-09
5.10E-06,5.1192647930E-09
5.12E-06,5.1152074962E-09
5.14E-06,5.1196673821E-09
5.16E-06,5.2349346721E-09
5.18E-06,5.2303691134E-09
5.20E-06,5.2255541714E-09
5.22E-06,5.2174910549E-09
5.24E-06,5.2165693249E-09
5.26E-06,5.2119698535E-09
5.28E-06,5.2073073718E-09
5.30E-06,5.1994082113E-09
5.32E-06,5.1984357960E-09
5.34E-06,5.1937542074E-09
5.36E-06,5.1855739031E-09
5.38E-06,5.1848704924E-09
5.40E-06,5.1803355124E-09
5.42E-06,5.1758395061E-09
5.44E-06,5.1713473380E-09
5.46E-06,5.1668457015E-09
5.48E-06,5.1623577887E-09
5.50E-06,5.1577258617E-09
5.52E-06,5.1499548103E-09
5.54E-06,5.1488066209E-09
5.56E-06,5.1445018991E-09
5.58E-06,5.1400125976E-09
5.60E-06,5.1356644096E-09
5.62E-06,5.1312132885E-09
5.64E-06,5.1264451405E-09
5.66E-06,5.1223935797E-09
5.68E-06,5.1179352947E-09
5.70E-06,5.1132750186E-09
5.72E-06,5.1054619605E-09
5.74E-06,5.1045473941E-09
5.76E-06,5.1001994048E-09
5.78E-06,5.1000251883E-09
5.80E-06,5.0957643164E-09
5.82E-06,5.0912805922E-09
5.84E-06,5.0871130538E-09
5.86E-06,5.0826721766E-09
5.88E-06,5.0784252265E-09
5.90E-06,5.0739419072E-09
5.92E-06,5.0696013758E-09
5.94E-06,5.0650830727E-09
5.96E-06,5.0603374998E-09
5.98E-06,5.0562895644E-09
6.00E-06,5.0483163053E-09
6.02E-06,5.0477202194E-09
6.04E-06,5.0432213212E-09
6.06E-06,5.0385407645E-09
6.08E-06,5.0342103140E-09
6.10E-06,5.0300405969E-09
6.12E-06,5.0251258049E-09
6.14E-06,5.0205331631E-09
6.16E-06,5.0160406467E-09
6.18E-06,5.0119489403E-09
6.20E-06,5.0042728339E-09
6.22E-06,5.0030018280E-09
6.24E-06,4.9950010321E-09
6.26E-06,4.9942388605E-09
6.28E-06,4.9899076330E-09
6.30E-06,4.9851916131E-09
6.32E-06,4.9805530098E-09
6.34E-06,4.9762630472E-09
6.36E-06,4.9721181355E-09
6.38E-06,4.9676718174E-09
6.40E-06,4.9634103432E-09
6.42E-06,4.9677450618E-09
6.44E-06,5.0787367916E-09
6.46E-06,5.0742609253E-09
6.48E-06,5.0697405206E-09
6.50E-06,5.0650742940E-09
6.52E-06,5.0602134054E-09
6.54E-06,5.0515151850E-09
6.56E-06,5.0514987331E-09
6.58E-06,5.0471512818E-09
6.60E-06,5.0425737629E-09
6.62E-06,5.0383743806E-09
6.64E-06,5.0334102651E-09
6.66E-06,5.0290325265E-09
6.68E-06,5.0246124612E-09
6.70E-06,5.0201867398E-09
6.72E-06,5.0158456647E-09
6.74E-06,5.0114217346E-09
6.76E-06,5.0068889134E-09
6.78E-06,5.0024417162E-09
6.80E-06,4.9976430167E-09
6.82E-06,4.9937168683E-09
6.84E-06,4.9892455814E-09
6.86E-06,4.9850815354E-09
6.88E-06,4.9807799286E-09
6.90E-06,4.9764512964E-09
6.92E-06,4.9715960545E-09
6.94E-06,4.9671644473E-09
6.96E-06,4.9626187628E-09
6.98E-06,4.9548110853E-09
7.00E-06,4.9539297141E-09
7.02E-06,4.9492616077E-09
7.04E-06,4.9404733491E-09
7.06E-06,4.9440488937E-09
7.08E-06,4.9410247611E-09
7.10E-06,4.9364545330E-09
7.12E-06,4.9314705251E-09
7.14E-06,4.9269921238E-09
7.16E-06,4.9216247603E-09
7.18E-06,4.9182095461E-09
7.20E-06,4.9139346324E-09
7.22E-06,4.9089550972E-09
7.24E-06,4.9045398286E-09
7.26E-06,4.9001144849E-09
7.28E-06,4.8956714383E-09
7.30E-06,4.8912947683E-09
7.32E-06,4.8867615098E-09
7.34E-06,4.8819596352E-09
7.36E-06,4.8780035479E-09
7.38E-06,4.8735953032E-09
7.40E-06,4.8691072532E-09
7.42E-06,4.8646397434E-09
7.44E-06,4.8601723839E-09
7.46E-06,4.8558614878E-09
7.48E-06,4.8513604321E-09
7.50E-06,4.8469740750E-09
7.52E-06,4.8420608021E-09
7.54E-06,4.8381744472E-09
7.56E-06,4.8338278191E-09
7.58E-06,4.8294638414E-09
7.60E-06,4.8251490876E-09
7.62E-06,4.8209234426E-09
7.64E-06,4.8161558324E-09
7.66E-06,4.8116869842E-09
7.68E-06,4.8069487190E-09
7.70E-06,4.8120235103E-09
7.72E-06,4.9227773460E-09
7.74E-06,4.9185758962E-09
7.76E-06,4.9140381963E-09
7.78E-06,4.9105954381E-09
7.80E-06,4.9059674400E-09
7.82E-06,4.8997405060E-09
7.84E-06,4.8969777126E-09
7.86E-06,4.8924215973E-09
7.88E-06,4.8873160463E-09
7.90E-06,4.8834266276E-09
7.92E-06,4.8789115934E-09
7.94E-06,4.8742429506E-09
7.96E-06,4.8692389371E-09
7.98E-06,4.8645319851E-09
8.00E-06,4.8609986816E-09
8.02E-06,4.8563583362E-09
8.04E-06,4.8512070990E-09
8.06E-06,4.8475946677E-09
8.08E-06,4.8430312623E-09
8.10E-06,4.8387468990E-09
8.12E-06,4.8343258781E-09
8.14E-06,4.8299372916E-09
8.16E-06,4.8255162559E-09
8.18E-06,4.8210310565E-09
8.20E-06,4.8180231547E-09
8.22E-06,4.8121626534E-09
8.24E-06,4.8079761238E-09
8.26E-06,4.8038444113E-09
8.28E-06,4.7991485546E-09
8.30E-06,4.7949308259E-09
8.32E-06,4.7915763007E-09
8.34E-06,4.7913391523E-09
8.36E-06,4.7851002821E-09
8.38E-06,4.7806387405E-09
8.40E-06,4.7774143375E-09
8.42E-06,4.7732322073E-09
8.44E-06,4.7689361664E-09
8.46E-06,4.7645662962E-09
8.48E-06,4.7596823534E-09
8.50E-06,4.7553450871E-09
8.52E-06,4.7507509003E-09
8.54E-06,4.7464929779E-09
8.56E-06,4.7421537844E-09
8.58E-06,4.7372978356E-09
8.60E-06,4.7322988351E-09
8.62E-06,4.7286300693E-09
8.64E-06,4.7240413171E-09
8.66E-06,4.7190153052E-09
8.68E-06,4.7148331181E-09
8.70E-06,4.7107705432E-09
8.72E-06,4.7065408189E-09
8.74E-06,4.7016801570E-09
8.76E-06,4.6975897171E-09
8.78E-06,4.6929311991E-09
8.80E-06,4.6885881232E-09
8.82E-06,4.6832455863E-09
8.84E-06,4.6778924891E-09
8.86E-06,4.6762000711E-09
8.88E-06,4.6701230337E-09
8.90E-06,4.6663767342E-09
8.92E-06,4.6617670190E-09
8.94E-06,4.6574409355E-09
8.96E-06,4.6529031823E-09
8.98E-06,4.6570948121E-09
9.00E-06,4.7722591006E-09
9.02E-06,4.7680564393E-09
9.04E-06,4.7618945625E-09
9.06E-06,4.7574969651E-09
9.08E-06,4.7528053951E-09
9.10E-06,4.7480925781E-09
9.12E-06,4.7433963252E-09
9.14E-06,4.7388419918E-09
9.16E-06,4.7343006348E-09
9.18E-06,4.7290364758E-09
9.20E-06,4.7264071317E-09
9.22E-06,4.7218862900E-09
9.24E-06,4.7163534925E-09
9.26E-06,4.7134327557E-09
9.28E-06,4.7073316795E-09
9.30E-06,4.7053261802E-09
9.32E-06,4.7003492401E-09
9.34E-06,4.6952891524E-09
9.36E-06,4.6912297596E-09
9.38E-06,4.6852043236E-09
9.40E-06,4.6806373684E-09
9.42E-06,4.6764443673E-09
9.44E-06,4.6737666276E-09
9.46E-06,4.6680562349E-09
9.48E-06,4.6632087159E-09
9.50E-06,4.6590962410E-09
9.52E-06,4.6541029848E-09
9.54E-06,4.6498497447E-09
9.56E-06,4.6475882516E-09
9.58E-06,4.6430948804E-09
9.60E-06,4.6381267424E-09
9.62E-06,4.6368950397E-09
9.64E-06,4.6343901017E-09
9.66E-06,4.6275400137E-09
9.68E-06,4.6258614154E-09
9.70E-06,4.6207175632E-09
9.72E-06,4.6149207084E-09
9.74E-06,4.6118251421E-09
9.76E-06,4.6058006060E-09
9.78E-06,4.6011294056E-09
9.80E-06,4.5978621983E-09
9.82E-06,4.5923319526E-09
9.84E-06,4.5879737172E-09
9.86E-06,4.5835471873E-09
9.88E-06,4.5792303076E-09
9.90E-06,4.5752590005E-09
9.92E-06,4.5724427276E-09
9.94E-06,4.5665324453E-09
9.96E-06,4.5613138256E-09
9.98E-06,4.5574243047E-09
1.00E-05,4.5530906986E-09
1.00E-05,4.5486587904E-09
1.00E-05,4.5438185120E-09
1.01E-05,4.5409593716E-09
1.01E-05,4.5344979487E-09
1.01E-05,4.5301305298E-09
1.01E-05,4.5264153527E-09
1.01E-05,4.5224835372E-09
1.02E-05,4.5188995874E-09
1.02E-05,4.5135198380E-09
1.02E-05,4.5082217980E-09
1.02E-05,4.5039848351E-09
1.02E-05,4.5013046472E-09
1.03E-05,4.5040560423E-09
1.03E-05,4.6168232569E-09
1.03E-05,4.6167489717E-09
1.03E-05,4.6071202237E-09
1.03E-05,4.6025895961E-09
1.04E-05,4.5990459796E-09
1.04E-05,4.5938837143E-09
1.04E-05,4.5893253025E-09
1.04E-05,4.5847909432E-09
1.04E-05,4.5810499630E-09
1.05E-05,4.5755768081E-09
1.05E-05,4.5710937720E-09
1.05E-05,4.5665475079E-09
1.05E-05,4.5621457327E-09
1.05E-05,4.5584865170E-09
1.06E-05,4.5531000547E-09
1.06E-05,4.5490530133E-09
1.06E-05,4.5492307580E-09
1.06E-05,4.5399743419E-09
1.06E-05,4.5366901612E-09
1.07E-05,4.5310599795E-09
1.07E-05,4.5267342408E-09
1.07E-05,4.5234942122E-09
1.07E-05,4.5181484724E-09
1.07E-05,4.5160367392E-09
1.08E-05,4.5093751164E-09
1.08E-05,4.5051637431E-09
1.08E-05,4.5047453563E-09
1.08E-05,4.5006856670E-09
1.08E-05,4.4963443142E-09
1.09E-05,4.4917790919E-09
1.09E-05,4.4828294901E-09
1.09E-05,4.4870372194E-09
1.09E-05,4.4781376615E-09
1.09E-05,4.4747691709E-09
1.10E-05,4.4693703592E-09
1.10E-05,4.4660164017E-09
1.10E-05,4.4617279638E-09
1.10E-05,4.4564012799E-09
1.10E-05,4.4526369291E-09
1.11E-05,4.4513943845E-09
1.11E-05,4.4428620838E-09
1.11E-05,4.4387963289E-09
1.11E-05,4.4364044126E-09
1.11E-05,4.4338259804E-09
1.12E-05,4.4261809852E-09
1.12E-05,4.4210023465E-09
1.12E-05,4.4168013381E-09
1.12E-05,4.4160655784E-09
1.12E-05,4.4072836265E-09
1.13E-05,4.4029795023E-09
1.13E-05,4.4026298345E-09
1.13E-05,4.3941270960E-09
1.13E-05,4.3907417734E-09
1.13E-05,4.3855335017E-09
1.14E-05,4.3806022596E-09
1.14E-05,4.3761644937E-09
1.14E-05,4.3719526167E-09
1.14E-05,4.3718811483E-09
1.14E-05,4.3632633930E-09
1.15E-05,4.3589437156E-09
1.15E-05,4.3540470838E-09
1.15E-05,4.3499004097E-09
1.15E-05,4.3499069451E-09
1.15E-05,4.3502829541E-09
1.16E-05,4.4725460095E-09
1.16E-05,4.4696433209E-09
1.16E-05,4.4650005939E-09
1.16E-05,4.4605494034E-09
1.16E-05,4.4557026535E-09
1.17E-05,4.4511491003E-09
1.17E-05,4.4465686337E-09
1.17E-05,4.4418565098E-09
1.17E-05,4.4375046770E-09
1.17E-05,4.4328518284E-09
1.18E-05,4.4262944448E-09
1.18E-05,4.4238219174E-09
1.18E-05,4.4193422934E-09
1.18E-05,4.4148555522E-09
1.18E-05,4.4104569194E-09
1.19E-05,4.4059613583E-09
1.19E-05,4.4013897112E-09
1.19E-05,4.3970693494E-09
1.19E-05,4.3925580060E-09
1.19E-05,4.3881382677E-09
1.20E-05,4.3839641258E-09
1.20E-05,4.3779798444E-09
1.20E-05,4.3753139625E-09
1.20E-05,4.3687800368E-09
1.20E-05,4.3666416157E-09
1.21E-05,4.3618530583E-09
1.21E-05,4.3576817209E-09
1.21E-05,4.3532446671E-09
1.21E-05,4.3485687038E-09
1.21E-05,4.3441401071E-09
1.22E-05,4.3378543368E-09
1.22E-05,4.3393603817E-09
1.22E-05,4.3351042347E-09
1.22E-05,4.3308684749E-09
1.22E-05,4.3263407035E-09
1.23E-05,4.3218996832E-09
1.23E-05,4.3174701272E-09
1.23E-05,4.3112843712E-09
1.23E-05,4.3086475716E-09
1.23E-05,4.3046757985E-09
1.24E-05,4.3003376674E-09
1.24E-05,4.2958224058E-09
1.24E-05,4.2914411720E-09
1.24E-05,4.2870968246E-09
1.24E-05,4.2822343915E-09
1.25E-05,4.2780700490E-09
1.25E-05,4.2732371993E-09
1.25E-05,4.2689377990E-09
1.25E-05,4.2648157550E-09
1.25E-05,4.2598170068E-09
1.26E-05,4.2554578227E-09
1.26E-05,4.2509858941E-09
1.26E-05,4.2442747490E-09
1.26E-05,4.2424403865E-09
1.26E-05,4.2358922577E-09
1.27E-05,4.2314124803E-09
1.27E-05,4.2287012163E-09
1.27E-05,4.2241398292E-09
1.27E-05,4.2181384319E-09
1.27E-05,4.2156320395E-09
1.28E-05,4.2091952752E-09
1.28E-05,4.2068738520E-09
1.28E-05,4.2008525773E-09
1.28E-05,4.2074334838E-09
1.28E-05,4.3243455790E-09
1.29E-05,4.3193532072E-09
1.29E-05,4.3144730749E-09
1.29E-05,4.3096175312E-09
1.29E-05,4.3055069482E-09
1.29E-05,4.3020135904E-09
1.30E-05,4.2960415382E-09
1.30E-05,4.2925081475E-09
1.30E-05,4.2879994846E-09
1.30E-05,4.2834909251E-09
1.30E-05,4.2790186727E-09
1.31E-05,4.2745218267E-09
1.31E-05,4.2698986714E-09
1.31E-05,4.2655183096E-09
1.31E-05,4.2612017189E-09
1.31E-05,4.2570233973E-09
1.32E-05,4.2520463468E-09
1.32E-05,4.2476207273E-09
1.32E-05,4.2432704379E-09
1.32E-05,4.2387863566E-09
1.32E-05,4.2342993121E-09
1.33E-05,4.2300267529E-09
1.33E-05,4.2255005533E-09
1.33E-05,4.2211547514E-09
1.33E-05,4.2166585437E-09
1.33E-05,4.2122629684E-09
1.34E-05,4.2077695449E-09
1.34E-05,4.2034863125E-09
1.34E-05,4.1990495972E-09
1.34E-05,4.1951068025E-09
1.34E-05,4.1906705503E-09
1.35E-05,4.1906068201E-09
1.35E-05,4.1858961433E-09
1.35E-05,4.1815514445E-09
1.35E-05,4.1771247655E-09
1.35E-05,4.1727449908E-09
1.36E-05,4.1684643629E-09
1.36E-05,4.1637820476E-09
1.36E-05,4.1597422161E-09
1.36E-05,4.1550084190E-09
1.36E-05,4.1509163042E-09
1.37E-05,4.1460262762E-09
1.37E-05,4.1415173819E-09
1.37E-05,4.1373499884E-09
1.37E-05,4.1330503144E-09
1.37E-05,4.1285178103E-09
1.38E-05,4.1240821798E-09
1.38E-05,4.1196747031E-09
1.38E-05,4.1153088348E-09
1.38E-05,4.1109974205E-09
1.38E-05,4.1061851025E-09
1.39E-05,4.1016828557E-09
1.39E-05,4.0974226751E-09
1.39E-05,4.0931832542E-09
1.39E-05,4.0882535861E-09
1.39E-05,4.0838646604E-09
1.40E-05,4.0794729022E-09
1.40E-05,4.0752325084E-09
1.40E-05,4.0709246728E-09
1.40E-05,4.0665292489E-09
1.40E-05,4.0617260811E-09
1.41E-05,4.0573034346E-09
1.41E-05,4.0530682968E-09
1.41E-05,4.0577347334E-09
1.41E-05,4.1773930193E-09
1.41E-05,4.1731108698E-09
1.42E-05,4.1684636524E-09
1.42E-05,4.1631178566E-09
1.42E-05,4.1594174168E-09
1.42E-05,4.1547371098E-09
1.42E-05,4.1499670060E-09
1.43E-05,4.1454212074E-09
1.43E-05,4.1408571940E-09
1.43E-05,4.1365989566E-09
1.43E-05,4.1320600972E-09
1.43E-05,4.1275927528E-09
1.44E-05,4.1230376997E-09
1.44E-05,4.1187475715E-09
1.44E-05,4.1145168682E-09
1.44E-05,4.1095579300E-09
1.44E-05,4.1051168978E-09
1.45E-05,4.1005388829E-09
1.45E-05,4.0962009530E-09
1.45E-05,4.0917160026E-09
1.45E-05,4.0873594572E-09
1.45E-05,4.0833409560E-09
1.46E-05,4.0785120245E-09
1.46E-05,4.0742124284E-09
1.46E-05,4.0701700361E-09
1.46E-05,4.0653691649E-09
1.46E-05,4.0610898266E-09
1.47E-05,4.0567505701E-09
1.47E-05,4.0523275802E-09
1.47E-05,4.0476458625E-09
1.47E-05,4.0438505389E-09
1.47E-05,4.0435469455E-09
1.48E-05,4.0387577018E-09
1.48E-05,4.0345838812E-09
1.48E-05,4.0298235957E-09
1.48E-05,4.0256078293E-09
1.48E-05,4.0212759786E-09
1.49E-05,4.0169473473E-09
1.49E-05,4.0125133635E-09
1.49E-05,4.0076774135E-09
1.49E-05,4.0035158327E-09
1.49E-05,3.9990322141E-09
1.50E-05,3.9946079076E-09
1.50E-05,3.9903787535E-09
1.50E-05,3.9861332072E-09
1.50E-05,3.9813423841E-09
1.50E-05,3.9767326521E-09
1.51E-05,3.9723392333E-09
1.51E-05,3.9677201222E-09
1.51E-05,3.9634619938E-09
1.51E-05,3.9592482457E-09
1.51E-05,3.9548759246E-09
1.52E-05,3.9499308565E-09
1.52E-05,3.9456694570E-09
1.52E-05,3.9411980806E-09
1.52E-05,3.9367937871E-09
1.52E-05,3.9327556897E-09
1.53E-05,3.9279677252E-09
1.53E-05,3.9235971276E-09
1.53E-05,3.9189874917E-09
1.53E-05,3.9144522105E-09
1.53E-05,3.9103103807E-09
1.54E-05,3.9110610105E-09
1.54E-05,4.0386286729E-09
1.54E-05,4.0340467350E-09
1.54E-05,4.0289919449E-09
1.54E-05,4.0241367465E-09
1.55E-05,4.0195087476E-09
1.55E-05,4.0149327245E-09
1.55E-05,4.0103718461E-09
1.55E-05,4.0057462098E-09
1.55E-05,4.0017043046E-09
1.56E-05,3.9969735111E-09
1.56E-05,3.9924260982E-09
1.56E-05,3.9881694555E-09
1.56E-05,3.9838152498E-09
1.56E-05,3.9790041507E-09
1.57E-05,3.9748479323E-09
1.57E-05,3.9701665938E-09
1.57E-05,3.9655873748E-09
1.57E-05,3.9610770866E-09
1.57E-05,3.9566988319E-09
1.58E-05,3.9523822598E-09
1.58E-05,3.9480576757E-09
1.58E-05,3.9438114675E-09
1.58E-05,3.9392441438E-09
1.58E-05,3.9348315854E-09
1.59E-05,3.9304020320E-09
1.59E-05,3.9258694176E-09
1.59E-05,3.9215081729E-09
1.59E-05,3.9168704948E-09
1.59E-05,3.9123791546E-09
1.60E-05,3.9079027655E-09
1.60E-05,3.9034828732E-09
1.60E-05,3.8995149763E-09
1.60E-05,3.8989986473E-09
1.60E-05,3.8949068714E-09
1.61E-05,3.8901934429E-09
1.61E-05,3.8857702865E-09
1.61E-05,3.8818076848E-09
1.61E-05,3.8774876646E-09
1.61E-05,3.8731803197E-09
1.62E-05,3.8687756856E-09
1.62E-05,3.8646021008E-09
1.62E-05,3.8593923410E-09
1.62E-05,3.8551157437E-09
1.62E-05,3.8510081810E-09
1.63E-05,3.8462072292E-09
1.63E-05,3.8421867746E-09
1.63E-05,3.8371124194E-09
1.63E-05,3.8328648409E-09
1.63E-05,3.8283843082E-09
1.64E-05,3.8239977761E-09
1.64E-05,3.8198523758E-09
1.64E-05,3.8155597083E-09
1.64E-05,3.8105625169E-09
1.64E-05,3.8061261815E-09
1.65E-05,3.8015829530E-09
1.65E-05,3.7974342363E-09
1.65E-05,3.7926335270E-09
1.65E-05,3.7885469495E-09
1.65E-05,3.7837310116E-09
1.66E-05,3.7795029222E-09
1.66E-05,3.7750523364E-09
1.66E-05,3.7708135863E-09
1.66E-05,3.7663066983E-09
1.66E-05,3.7669464606E-09
1.67E-05,3.8906966845E-09
1.67E-05,3.8858695325E-09
1.67E-05,3.8811153139E-09
1.67E-05,3.8790041113E-09
1.67E-05,3.8689084390E-09
1.68E-05,3.8679536575E-09
1.68E-05,3.8632690292E-09
1.68E-05,3.8587357312E-09
1.68E-05,3.8540959725E-09
1.68E-05,3.8462775717E-09
1.69E-05,3.8449555650E-09
1.69E-05,3.8366938254E-09
1.69E-05,3.8361135859E-09
1.69E-05,3.8316437790E-09
1.69E-05,3.8271153633E-09
1.70E-05,3.8225961624E-09
1.70E-05,3.8181144647E-09
1.70E-05,3.8139586151E-09
1.70E-05,3.8112977461E-09
1.70E-05,3.8051223282E-09
1.71E-05,3.8024526765E-09
1.71E-05,3.7962722550E-09
1.71E-05,3.7884929745E-09
1.71E-05,3.7874095424E-09
1.71E-05,3.7829843862E-09
1.72E-05,3.7788227151E-09
1.72E-05,3.7761349762E-09
1.72E-05,3.7699343992E-09
1.72E-05,3.7651463411E-09
1.72E-05,3.7608127759E-09
1.73E-05,3.7564541115E-09
1.73E-05,3.7523212417E-09
1.73E-05,3.7519669925E-09
1.73E-05,3.7443530803E-09
1.73E-05,3.7432323609E-09
1.74E-05,3.7393924704E-09
1.74E-05,3.7363744218E-09
1.74E-05,3.7302661962E-09
1.74E-05,3.7255035072E-09
1.74E-05,3.7213169450E-09
1.75E-05,3.7170215978E-09
1.75E-05,3.7121664290E-09
1.75E-05,3.7079638611E-09
1.75E-05,3.7036939580E-09
1.75E-05,3.6993642057E-09
1.76E-05,3.6967641841E-09
1.76E-05,3.6904817802E-09
1.76E-05,3.6859882076E-09
1.76E-05,3.6813254058E-09
1.76E-05,3.6771133402E-09
1.77E-05,3.6721640169E-09
1.77E-05,3.6676675556E-09
1.77E-05,3.6633410580E-09
1.77E-05,3.6591477962E-09
1.77E-05,3.6562322925E-09
1.78E-05,3.6498963466E-09
1.78E-05,3.6458555859E-09
1.78E-05,3.6410595750E-09
1.78E-05,3.6369196567E-09
1.78E-05,3.6325472095E-09
1.79E-05,3.6276962714E-09
1.79E-05,3.6233837754E-09
1.79E-05,3.6190462607E-09
1.79E-05,3.6217041796E-09
1.79E-05,3.7468566167E-09
1.80E-05,3.7420781656E-09
1.80E-05,3.7374481893E-09
1.80E-05,3.7328870653E-09
1.80E-05,3.7283023910E-09
1.80E-05,3.7234685563E-09
1.81E-05,3.7188909229E-09
1.81E-05,3.7146858075E-09
1.81E-05,3.7098212925E-09
1.81E-05,3.7053557031E-09
1.81E-05,3.7008827482E-09
1.82E-05,3.6966805077E-09
1.82E-05,3.6921201094E-09
1.82E-05,3.6876668001E-09
1.82E-05,3.6830541845E-09
1.82E-05,3.6786691133E-09
1.83E-05,3.6741128994E-09
1.83E-05,3.6697059560E-09
1.83E-05,3.6654636297E-09
1.83E-05,3.6608840644E-09
1.83E-05,3.6563658031E-09
1.84E-05,3.6518560418E-09
1.84E-05,3.6477701659E-09
1.84E-05,3.6432596550E-09
1.84E-05,3.6391071224E-09
1.84E-05,3.6347780095E-09
1.85E-05,3.6300251552E-09
1.85E-05,3.6255210263E-09
1.85E-05,3.6214322653E-09
1.85E-05,3.6170006149E-09
1.85E-05,3.6124659218E-09
1.86E-05,3.6078418149E-09
1.86E-05,3.6077017757E-09
1.86E-05,3.6034598547E-09
1.86E-05,3.5990916770E-09
1.86E-05,3.5944856605E-09
1.87E-05,3.5901402694E-09
1.87E-05,3.5858405186E-09
1.87E-05,3.5813763264E-09
1.87E-05,3.5768801253E-09
1.87E-05,3.5728737884E-09
1.88E-05,3.5681887719E-09
1.88E-05,3.5635325986E-09
1.88E-05,3.5591010728E-09
1.88E-05,3.5549197280E-09
1.88E-05,3.5506092329E-09
1.89E-05,3.5458450733E-09
1.89E-05,3.5414460630E-09
1.89E-05,3.5369331780E-09
1.89E-05,3.5328470591E-09
1.89E-05,3.5282298605E-09
1.90E-05,3.5236539574E-09
1.90E-05,3.5194419821E-09
1.90E-05,3.5151201828E-09
1.90E-05,3.5101713087E-09
1.90E-05,3.5057171343E-09
1.91E-05,3.5012996791E-09
1.91E-05,3.4969003029E-09
1.91E-05,3.4923926666E-09
1.91E-05,3.4881280393E-09
1.91E-05,3.4839374941E-09
1.92E-05,3.4792133195E-09
1.92E-05,3.4752814150E-09
1.92E-05,3.4755857218E-09
1.92E-05,3.6030105777E-09
1.92E-05,3.5986118034E-09
1.93E-05,3.5930624397E-09
1.93E-05,3.5888139651E-09
1.93E-05,3.5839765548E-09
1.93E-05,3.5795876724E-09
1.93E-05,3.5756375131E-09
1.94E-05,3.5711236514E-09
1.94E-05,3.5665640977E-09
1.94E-05,3.5620200337E-09
1.94E-05,3.5574907656E-09
1.94E-05,3.5529777955E-09
1.95E-05,3.5485116889E-09
1.95E-05,3.5439884705E-09
1.95E-05,3.5399176341E-09
1.95E-05,3.5354699609E-09
1.95E-05,3.5304859262E-09
1.96E-05,3.5260089180E-09
1.96E-05,3.5215823151E-09
1.96E-05,3.5171313472E-09
1.96E-05,3.5127040773E-09
1.96E-05,3.5082391923E-09
1.97E-05,3.5038803336E-09
1.97E-05,3.4997682242E-09
1.97E-05,3.4950922827E-09
1.97E-05,3.4906754253E-09
1.97E-05,3.4864841441E-09
1.98E-05,3.4824006366E-09
1.98E-05,3.4778496721E-09
1.98E-05,3.4730543989E-09
1.98E-05,3.4685438421E-09
1.98E-05,3.4645598113E-09
1.99E-05,3.4644046271E-09
1.99E-05,3.4598999545E-09
1.99E-05,3.4555277066E-09
1.99E-05,3.4507403172E-09
1.99E-05,3.4465574996E-09
2.00E-05,3.4421823465E-09
2.00E-05,3.4379054588E-09
2.00E-05,3.4334576371E-09
2.00E-05,3.4290488544E-09
2.00E-05,3.4245512656E-09
2.01E-05,3.4199621665E-09
2.01E-05,3.4155332378E-09
2.01E-05,3.4111272909E-09
2.01E-05,3.4071714881E-09
2.01E-05,3.4022287507E-09
2.02E-05,3.3978008909E-09
2.02E-05,3.3933483797E-09
2.02E-05,3.3891736339E-09
2.02E-05,3.3844299262E-09
2.02E-05,3.3800545611E-09
2.03E-05,3.3758375471E-09
2.03E-05,3.3715486090E-09
2.03E-05,3.3665760968E-09
2.03E-05,3.3621301624E-09
2.03E-05,3.3576935178E-09
2.04E-05,3.3533046621E-09
2.04E-05,3.3488717106E-09
2.04E-05,3.3444568862E-09
2.04E-05,3.3403047382E-09
2.04E-05,3.3356132166E-09
2.05E-05,3.3312127913E-09
2.05E-05,3.3373455737E-09
2.05E-05,3.6024890050E-09
2.05E-05,3.5978249322E-09
2.05E-05,3.5931786004E-09
2.06E-05,3.5886997323E-09
2.06E-05,3.5841746344E-09
2.06E-05,3.5795760014E-09
2.06E-05,3.5755726539E-09
2.06E-05,3.5710952575E-09
2.07E-05,3.5665602685E-09
2.07E-05,3.5620051946E-09
2.07E-05,3.5574903265E-09
2.07E-05,3.5529661355E-09
2.07E-05,3.5484966576E-09
2.08E-05,3.5439267951E-09
2.08E-05,3.5399254018E-09
2.08E-05,3.5354349983E-09
2.08E-05,3.5304360933E-09
2.08E-05,3.5259977490E-09
2.09E-05,3.5215748649E-09
2.09E-05,3.5171316272E-09
2.09E-05,3.5126991367E-09
2.09E-05,3.5082351133E-09
2.09E-05,3.5038631804E-09
2.10E-05,3.4996948405E-09
2.10E-05,3.4950642585E-09
2.10E-05,3.4907133991E-09
2.10E-05,3.4864785722E-09
2.10E-05,3.4818801425E-09
2.11E-05,3.4778787237E-09
2.11E-05,3.4730642802E-09
2.11E-05,3.4685347993E-09
2.11E-05,3.4646675000E-09
2.11E-05,3.4643955617E-09
2.12E-05,3.4598721386E-09
2.12E-05,3.4554379977E-09
2.12E-05,3.4507268890E-09
2.12E-05,3.4465030193E-09
2.12E-05,3.4422064548E-09
2.13E-05,3.4379196730E-09
2.13E-05,3.4334934256E-09
2.13E-05,3.4290326557E-09
2.13E-05,3.4244644153E-09
2.13E-05,3.4199861677E-09
2.14E-05,3.4155290735E-09
2.14E-05,3.4111659678E-09
2.14E-05,3.4071450283E-09
2.14E-05,3.4022328564E-09
2.14E-05,3.3978325702E-09
2.15E-05,3.3933183064E-09
2.15E-05,3.3891928127E-09
2.15E-05,3.3844312901E-09
2.15E-05,3.3800368709E-09
2.15E-05,3.3758454042E-09
2.16E-05,3.3715556401E-09
2.16E-05,3.3665422404E-09
2.16E-05,3.3621082803E-09
2.16E-05,3.3577120945E-09
2.16E-05,3.3532695282E-09
2.17E-05,3.3488892243E-09
2.17E-05,3.3444674096E-09
2.17E-05,3.3403006252E-09
2.17E-05,3.3355609985E-09
2.17E-05,3.3311885802E-09
2.18E-05,3.3318758518E-09
2.18E-05,3.4569611113E-09
2.18E-05,3.4538842688E-09
2.18E-05,3.4478569602E-09
2.18E-05,3.4444097167E-09
2.19E-05,3.4395069700E-09
2.19E-05,3.4349252550E-09
2.19E-05,3.4305557902E-09
2.19E-05,3.4248609046E-09
2.19E-05,3.4215633088E-09
2.20E-05,3.4159885927E-09
2.20E-05,3.4128840876E-09
2.20E-05,3.4079730022E-09
2.20E-05,3.4038659530E-09
2.20E-05,3.3992591035E-09
2.21E-05,3.3951253430E-09
2.21E-05,3.3902307488E-09
2.21E-05,3.3861236368E-09
2.21E-05,3.3813947682E-09
2.21E-05,3.3773068514E-09
2.22E-05,3.3728766875E-09
2.22E-05,3.3670772894E-09
2.22E-05,3.3640061328E-09
2.22E-05,3.3581292353E-09
2.22E-05,3.3535971746E-09
2.23E-05,3.3494109679E-09
2.23E-05,3.3450029723E-09
2.23E-05,3.3413685692E-09
2.23E-05,3.3377362190E-09
2.23E-05,3.3342443758E-09
2.24E-05,3.3285596413E-09
2.24E-05,3.3241526393E-09
2.24E-05,3.3187739315E-09
2.24E-05,3.3190238353E-09
2.24E-05,3.3149172691E-09
2.25E-05,3.3104446234E-09
2.25E-05,3.3065056007E-09
2.25E-05,3.3012077192E-09
2.25E-05,3.2975479208E-09
2.25E-05,3.2930550702E-09
2.26E-05,3.2885051225E-09
2.26E-05,3.2841121088E-09
2.26E-05,3.2796790237E-09
2.26E-05,3.2749305395E-09
2.26E-05,3.2708849437E-09
2.27E-05,3.2655111387E-09
2.27E-05,3.2613613089E-09
2.27E-05,3.2565421732E-09
2.27E-05,3.2523416096E-09
2.27E-05,3.2474247861E-09
2.28E-05,3.2442365532E-09
2.28E-05,3.2384180886E-09
2.28E-05,3.2352941132E-09
2.28E-05,3.2293107153E-09
2.28E-05,3.2279131217E-09
2.29E-05,3.2218628943E-09
2.29E-05,3.2174153225E-09
2.29E-05,3.2120625346E-09
2.29E-05,3.2085978023E-09
2.29E-05,3.2041287034E-09
2.30E-05,3.1989916332E-09
2.30E-05,3.1942158681E-09
2.30E-05,3.1911925124E-09
2.30E-05,3.1867435188E-09
2.30E-05,3.1863734580E-09
2.31E-05,3.3172987103E-09
2.31E-05,3.3125233180E-09
2.31E-05,3.3073019597E-09
2.31E-05,3.3035469343E-09
2.31E-05,3.2990128704E-09
2.32E-05,3.2938657181E-09
2.32E-05,3.2892581737E-09
2.32E-05,3.2850700452E-09
2.32E-05,3.2806793362E-09
2.32E-05,3.2761220485E-09
2.33E-05,3.2715784588E-09
2.33E-05,3.2670840563E-09
2.33E-05,3.2622449547E-09
2.33E-05,3.2585413031E-09
2.33E-05,3.2539320138E-09
2.34E-05,3.2488521523E-09
2.34E-05,3.2445655086E-09
2.34E-05,3.2401593727E-09
2.34E-05,3.2355776244E-09
2.34E-05,3.2311719673E-09
2.35E-05,3.2266556771E-09
2.35E-05,3.2181901011E-09
2.35E-05,3.2179685527E-09
2.35E-05,3.2135781138E-09
2.35E-05,3.2090660738E-09
2.36E-05,3.2046546244E-09
2.36E-05,3.2005931870E-09
2.36E-05,3.1961986663E-09
2.36E-05,3.1915188797E-09
2.36E-05,3.1871928899E-09
2.37E-05,3.1831771107E-09
2.37E-05,3.1785588172E-09
2.37E-05,3.1784265958E-09
2.37E-05,3.1737843648E-09
2.37E-05,3.1698634647E-09
2.38E-05,3.1651601675E-09
2.38E-05,3.1609605087E-09
2.38E-05,3.1564267168E-09
2.38E-05,3.1510986559E-09
2.38E-05,3.1468696922E-09
2.39E-05,3.1425178044E-09
2.39E-05,3.1381918890E-09
2.39E-05,3.1335342421E-09
2.39E-05,3.1294868547E-09
2.39E-05,3.1252056288E-09
2.40E-05,3.1211131521E-09
2.40E-05,3.1168110034E-09
2.40E-05,3.1120791328E-09
2.40E-05,3.1073745076E-09
2.40E-05,3.1030061737E-09
2.41E-05,3.0983109758E-09
2.41E-05,3.0939500201E-09
2.41E-05,3.0896630039E-09
2.41E-05,3.0854448389E-09
2.41E-05,3.0810570042E-09
2.42E-05,3.0761982092E-09
2.42E-05,3.0719564293E-09
2.42E-05,3.0673957558E-09
2.42E-05,3.0633640988E-09
2.42E-05,3.0583834208E-09
2.43E-05,3.0545189059E-09
2.43E-05,3.0498424488E-09
2.43E-05,3.0451373385E-09
2.43E-05,3.0464285360E-09
2.43E-05,3.1728885154E-09
2.44E-05,3.1682519398E-09
2.44E-05,3.1636649141E-09
2.44E-05,3.1600719321E-09
2.44E-05,3.1540041909E-09
2.44E-05,3.1493858034E-09
2.45E-05,3.1447899431E-09
2.45E-05,3.1405875073E-09
2.45E-05,3.1360352749E-09
2.45E-05,3.1315294271E-09
2.45E-05,3.1269820343E-09
2.46E-05,3.1225644521E-09
2.46E-05,3.1181131874E-09
2.46E-05,3.1135330795E-09
2.46E-05,3.1092510644E-09
2.46E-05,3.1047960551E-09
2.47E-05,3.1004249659E-09
2.47E-05,3.0960335296E-09
2.47E-05,3.0916138220E-09
2.47E-05,3.0873109546E-09
2.47E-05,3.0829688289E-09
2.48E-05,3.0791787915E-09
2.48E-05,3.0742385253E-09
2.48E-05,3.0693183818E-09
2.48E-05,3.0653794176E-09
2.48E-05,3.0609766324E-09
2.49E-05,3.0563939172E-09
2.49E-05,3.0518609859E-09
2.49E-05,3.0473950436E-09
2.49E-05,3.0428386744E-09
2.49E-05,3.0384498440E-09
2.50E-05,3.0342791304E-09
2.50E-05,3.0341236244E-09
2.50E-05,3.0296977885E-09
2.50E-05,3.0248367936E-09
2.50E-05,3.0205961187E-09
2.51E-05,3.0162880811E-09
2.51E-05,3.0120114999E-09
2.51E-05,3.0076901737E-09
2.51E-05,3.0033397716E-09
2.51E-05,2.9989472616E-09
2.52E-05,2.9945721754E-09
2.52E-05,2.9900644104E-09
2.52E-05,2.9856693881E-09
2.52E-05,2.9809049174E-09
2.52E-05,2.9763945381E-09
2.53E-05,2.9720273173E-09
2.53E-05,2.9677567860E-09
2.53E-05,2.9634949669E-09
2.53E-05,2.9586188629E-09
2.53E-05,2.9542084863E-09
2.54E-05,2.9498889797E-09
2.54E-05,2.9456954950E-09
2.54E-05,2.9422088508E-09
2.54E-05,2.9364050797E-09
2.54E-05,2.9329648233E-09
2.55E-05,2.9315882172E-09
2.55E-05,2.9231616784E-09
2.55E-05,2.9188448921E-09
2.55E-05,2.9146208398E-09
2.55E-05,2.9098184144E-09
2.56E-05,2.9054436684E-09
2.56E-05,2.9009544774E-09
2.56E-05,2.9018519987E-09
2.56E-05,3.0324491778E-09
2.56E-05,3.0280953323E-09
2.57E-05,3.0229038849E-09
2.57E-05,3.0181024972E-09
2.57E-05,3.0137920116E-09
2.57E-05,3.0086878227E-09
2.57E-05,3.0049294799E-09
2.58E-05,2.9997981171E-09
2.58E-05,2.9952715139E-09
2.58E-05,2.9911472511E-09
2.58E-05,2.9856121273E-09
2.58E-05,2.9817123911E-09
2.59E-05,2.9772585117E-09
2.59E-05,2.9736103894E-09
2.59E-05,2.9682244033E-09
2.59E-05,2.9645865798E-09
2.59E-05,2.9602414254E-09
2.60E-05,2.9555653810E-09
2.60E-05,2.9506112768E-09
2.60E-05,2.9458034860E-09
2.60E-05,2.9389040562E-09
2.60E-05,2.9385946214E-09
2.61E-05,2.9332454863E-09
2.61E-05,2.9307842259E-09
2.61E-05,2.9241367063E-09
2.61E-05,2.9203227734E-09
2.61E-05,2.9150486742E-09
2.62E-05,2.9082783594E-09
2.62E-05,2.9072294193E-09
2.62E-05,2.9019017948E-09
2.62E-05,2.8976548216E-09
2.62E-05,2.8934774576E-09
2.63E-05,2.8929720065E-09
2.63E-05,2.8885003846E-09
2.63E-05,2.8845597520E-09
2.63E-05,2.8797311004E-09
2.63E-05,2.8756735857E-09
2.64E-05,2.8708511197E-09
2.64E-05,2.8671079787E-09
2.64E-05,2.8627749934E-09
2.64E-05,2.8586139607E-09
2.64E-05,2.8536570355E-09
2.65E-05,2.8480724247E-09
2.65E-05,2.8442637243E-09
2.65E-05,2.8405702246E-09
2.65E-05,2.8363561963E-09
2.65E-05,2.8319941095E-09
2.66E-05,2.8274930187E-09
2.66E-05,2.8228243251E-09
2.66E-05,2.8170940235E-09
2.66E-05,2.8129924666E-09
2.66E-05,2.8091905871E-09
2.67E-05,2.8052554311E-09
2.67E-05,2.8009488931E-09
2.67E-05,2.7960048929E-09
2.67E-05,2.7903517767E-09
2.67E-05,2.7865795718E-09
2.68E-05,2.7831209298E-09
2.68E-05,2.7786018182E-09
2.68E-05,2.7736826076E-09
2.68E-05,2.7688342039E-09
2.68E-05,2.7648494122E-09
2.69E-05,2.7603043537E-09
2.69E-05,2.7613242138E-09
2.69E-05,2.8855276669E-09
2.69E-05,2.8801148866E-09
2.69E-05,2.8771463302E-09
2.70E-05,2.8718439347E-09
2.70E-05,2.8704926616E-09
2.70E-05,2.8627474647E-09
2.70E-05,2.8573021193E-09
2.70E-05,2.8533864808E-09
2.71E-05,2.8498976930E-09
2.71E-05,2.8480237343E-09
2.71E-05,2.8438159104E-09
2.71E-05,2.8399887608E-09
2.71E-05,2.8318002618E-09
2.72E-05,2.8302865530E-09
2.72E-05,2.8240395168E-09
2.72E-05,2.8173335739E-09
2.72E-05,2.8130846448E-09
2.72E-05,2.8124542660E-09
2.73E-05,2.8057802738E-09
2.73E-05,2.8034330154E-09
2.73E-05,2.7995087265E-09
2.73E-05,2.7916684776E-09
2.73E-05,2.7881106961E-09
2.74E-05,2.7819305565E-09
2.74E-05,2.7827119163E-09
2.74E-05,2.7772624720E-09
2.74E-05,2.7730086883E-09
2.74E-05,2.7639979131E-09
2.75E-05,2.7597003386E-09
2.75E-05,2.7598034919E-09
2.75E-05,2.7557675203E-09
2.75E-05,2.7506709823E-09
2.75E-05,2.7501654051E-09
2.76E-05,2.7440290365E-09
2.76E-05,2.7394734534E-09
2.76E-05,2.7371058798E-09
2.76E-05,2.7327651588E-09
2.76E-05,2.7290451674E-09
2.77E-05,2.7211418531E-09
2.77E-05,2.7207212366E-09
2.77E-05,2.7115020131E-09
2.77E-05,2.7103452144E-09
2.77E-05,2.7025856305E-09
2.78E-05,2.6991431594E-09
2.78E-05,2.6956381529E-09
2.78E-05,2.6936785367E-09
2.78E-05,2.6884762983E-09
2.78E-05,2.6808004159E-09
2.79E-05,2.6760189959E-09
2.79E-05,2.6752353428E-09
2.79E-05,2.6704452500E-09
2.79E-05,2.6624829189E-09
2.79E-05,2.6620354029E-09
2.80E-05,2.6539898106E-09
2.80E-05,2.6535997797E-09
2.80E-05,2.6454209874E-09
2.80E-05,2.6414160691E-09
2.80E-05,2.6401898310E-09
2.81E-05,2.6323429832E-09
2.81E-05,2.6270918164E-09
2.81E-05,2.6236210591E-09
2.81E-05,2.6221094265E-09
2.81E-05,2.6143703313E-09
2.82E-05,2.6184187570E-09
2.82E-05,2.7453383176E-09
2.82E-05,2.7420968649E-09
2.82E-05,2.7380349979E-09
2.82E-05,2.7286821086E-09
2.83E-05,2.7279837278E-09
2.83E-05,2.7190360592E-09
2.83E-05,2.7192758185E-09
2.83E-05,2.7150157983E-09
2.83E-05,2.7049121485E-09
2.84E-05,2.7001118742E-09
2.84E-05,2.7007860709E-09
2.84E-05,2.6918527248E-09
2.84E-05,2.6922179278E-09
2.84E-05,2.6834476466E-09
2.85E-05,2.6840308360E-09
2.85E-05,2.6787855238E-09
2.85E-05,2.6700603329E-09
2.85E-05,2.6697888814E-09
2.85E-05,2.6599710316E-09
2.86E-05,2.6607214190E-09
2.86E-05,2.6563576663E-09
2.86E-05,2.6468904163E-09
2.86E-05,2.6480787051E-09
2.86E-05,2.6434940290E-09
2.87E-05,2.6339339357E-09
2.87E-05,2.6301347547E-09
2.87E-05,2.6306564823E-09
2.87E-05,2.6256025885E-09
2.87E-05,2.6213985014E-09
2.88E-05,2.6126062964E-09
2.88E-05,2.6064255502E-09
2.88E-05,2.6031965379E-09
2.88E-05,2.6046500004E-09
2.88E-05,2.6036733561E-09
2.89E-05,2.5995971807E-09
2.89E-05,2.5949629636E-09
2.89E-05,2.5904821213E-09
2.89E-05,2.5858724049E-09
2.89E-05,2.5766415943E-09
2.90E-05,2.5773836734E-09
2.90E-05,2.5673601861E-09
2.90E-05,2.5629062432E-09
2.90E-05,2.5637517431E-09
2.90E-05,2.5542283985E-09
2.91E-05,2.5551787193E-09
2.91E-05,2.5504482032E-09
2.91E-05,2.5461675756E-09
2.91E-05,2.5417921258E-09
2.91E-05,2.5376499731E-09
2.92E-05,2.5327758934E-09
2.92E-05,2.5279728121E-09
2.92E-05,2.5235830937E-09
2.92E-05,2.5199278542E-09
2.92E-05,2.5113525198E-09
2.93E-05,2.5060051764E-09
2.93E-05,2.5015535479E-09
2.93E-05,2.5013863400E-09
2.93E-05,2.4966483892E-09
2.93E-05,2.4877610456E-09
2.94E-05,2.4889614545E-09
2.94E-05,2.4841142358E-09
2.94E-05,2.4799065592E-09
2.94E-05,2.4750199394E-09
2.94E-05,2.4756456321E-09
2.95E-05,2.6021198234E-09
2.95E-05,2.5983728800E-09
2.95E-05,2.5941422266E-09
2.95E-05,2.5869993583E-09
2.95E-05,2.5842702125E-09
2.96E-05,2.5795107873E-09
2.96E-05,2.5748699898E-09
2.96E-05,2.5704555785E-09
2.96E-05,2.5659032869E-09
2.96E-05,2.5624192621E-09
2.97E-05,2.5564602894E-09
2.97E-05,2.5504467969E-09
2.97E-05,2.5475376234E-09
2.97E-05,2.5436966713E-09
2.97E-05,2.5390392362E-09
2.98E-05,2.5359191656E-09
2.98E-05,2.5285879508E-09
2.98E-05,2.5259375990E-09
2.98E-05,2.5216690977E-09
2.98E-05,2.5175494155E-09
2.99E-05,2.5126835835E-09
2.99E-05,2.5067821061E-09
2.99E-05,2.5021942904E-09
2.99E-05,2.4994352894E-09
2.99E-05,2.4934015100E-09
3.00E-05,2.4916941392E-09
3.00E-05,2.4859042129E-09
3.00E-05,2.4824967496E-09
3.00E-05,2.4773502895E-09
3.00E-05,2.4738498953E-09
3.01E-05,2.4686295767E-09
3.01E-05,2.4643562474E-09
3.01E-05,2.4638820690E-09
3.01E-05,2.4594303363E-09
3.01E-05,2.4537844361E-09
3.02E-05,2.4517092540E-09
3.02E-05,2.4456806962E-09
3.02E-05,2.4406778978E-09
3.02E-05,2.4371529332E-09
3.02E-05,2.4328082078E-09
3.03E-05,2.4292022424E-09
3.03E-05,2.4247771000E-09
3.03E-05,2.4194484901E-09
3.03E-05,2.4145764604E-09
3.03E-05,2.4115050785E-09
3.04E-05,2.4048831008E-09
3.04E-05,2.4023127337E-09
3.04E-05,2.3977421815E-09
3.04E-05,2.3930317790E-09
3.04E-05,2.3889629825E-09
3.05E-05,2.3839964909E-09
3.05E-05,2.3775486075E-09
3.05E-05,2.3754460699E-09
3.05E-05,2.3714483510E-09
3.05E-05,2.3659605071E-09
3.06E-05,2.3613926445E-09
3.06E-05,2.3578660994E-09
3.06E-05,2.3526770551E-09
3.06E-05,2.3486257382E-09
3.06E-05,2.3444409028E-09
3.07E-05,2.3397235092E-09
3.07E-05,2.3349438652E-09
3.07E-05,2.3309721499E-09
3.07E-05,2.3312012127E-09
3.07E-05,2.4602495911E-09
3.08E-05,2.4547391620E-09
3.08E-05,2.4502391437E-09
3.08E-05,2.4460984411E-09
3.08E-05,2.4409614968E-09
3.08E-05,2.4363106249E-09
3.09E-05,2.4322235894E-09
3.09E-05,2.4273783150E-09
3.09E-05,2.4238050773E-09
3.09E-05,2.4186439645E-09
3.09E-05,2.4139946802E-09
3.10E-05,2.4097102082E-09
3.10E-05,2.4049921271E-09
3.10E-05,2.4006333235E-09
3.10E-05,2.3961866271E-09
3.10E-05,2.3917447279E-09
3.11E-05,2.3878382728E-09
3.11E-05,2.3827547747E-09
3.11E-05,2.3784336933E-09
3.11E-05,2.3738642483E-09
3.11E-05,2.3693474644E-09
3.12E-05,2.3650903523E-09
3.12E-05,2.3605539959E-09
3.12E-05,2.3570598857E-09
3.12E-05,2.3522522097E-09
3.12E-05,2.3479415695E-09
3.13E-05,2.3434238376E-09
3.13E-05,2.3390022898E-09
3.13E-05,2.3354291381E-09
3.13E-05,2.3301612206E-09
3.13E-05,2.3254079124E-09
3.14E-05,2.3214395019E-09
3.14E-05,2.3205207632E-09
3.14E-05,2.3170803903E-09
3.14E-05,2.3127254253E-09
3.14E-05,2.3082202739E-09
3.15E-05,2.3034730966E-09
3.15E-05,2.2995763840E-09
3.15E-05,2.2947835638E-09
3.15E-05,2.2899308340E-09
3.15E-05,2.2862118988E-09
3.16E-05,2.2819381703E-09
3.16E-05,2.2777016611E-09
3.16E-05,2.2726536071E-09
3.16E-05,2.2687150602E-09
3.16E-05,2.2640567605E-09
3.17E-05,2.2589748355E-09
3.17E-05,2.2549016287E-09
3.17E-05,2.2502921562E-09
3.17E-05,2.2458116240E-09
3.17E-05,2.2420332801E-09
3.18E-05,2.2378217621E-09
3.18E-05,2.2322813592E-09
3.18E-05,2.2278100692E-09
3.18E-05,2.2232897935E-09
3.18E-05,2.2190281192E-09
3.19E-05,2.2142850259E-09
3.19E-05,2.2102966446E-09
3.19E-05,2.2055849989E-09
3.19E-05,2.2020221333E-09
3.19E-05,2.1968120595E-09
3.20E-05,2.1923482906E-09
3.20E-05,2.1880510619E-09
3.20E-05,2.1893945710E-09
3.20E-05,2.3177559901E-09
3.20E-05,2.3127960062E-09
3.21E-05,2.3086398272E-09
3.21E-05,2.3038791086E-09
3.21E-05,2.2988582868E-09
3.21E-05,2.2946099294E-09
3.21E-05,2.2899124437E-09
3.22E-05,2.2847753696E-09
3.22E-05,2.2810498829E-09
3.22E-05,2.2757861022E-09
3.22E-05,2.2715530462E-09
3.22E-05,2.2672416632E-09
3.23E-05,2.2628366641E-09
3.23E-05,2.2588989338E-09
3.23E-05,2.2540793349E-09
3.23E-05,2.2490051969E-09
3.23E-05,2.2451747167E-09
3.24E-05,2.2407401182E-09
3.24E-05,2.2358153544E-09
3.24E-05,2.2312592895E-09
3.24E-05,2.2277056853E-09
3.24E-05,2.2226525044E-09
3.25E-05,2.2178732075E-09
3.25E-05,2.2138105925E-09
3.25E-05,2.2093069969E-09
3.25E-05,2.2051533994E-09
3.25E-05,2.2005427808E-09
3.26E-05,2.1958466684E-09
3.26E-05,2.1922164170E-09
3.26E-05,2.1877974242E-09
3.26E-05,2.1825879773E-09
3.26E-05,2.1789242378E-09
3.27E-05,2.1785554134E-09
3.27E-05,2.1734056937E-09
3.27E-05,2.1703925998E-09
3.27E-05,2.1648896387E-09
3.27E-05,2.1610036659E-09
3.28E-05,2.1564934714E-09
3.28E-05,2.1513085615E-09
3.28E-05,2.1473532558E-09
3.28E-05,2.1431722393E-09
3.28E-05,2.1381702463E-09
3.29E-05,2.1344402601E-09
3.29E-05,2.1296374794E-09
3.29E-05,2.1255466049E-09
3.29E-05,2.1219500255E-09
3.29E-05,2.1166688045E-09
3.30E-05,2.1117723881E-09
3.30E-05,2.1072652512E-09
3.30E-05,2.1030671226E-09
3.30E-05,2.0986101587E-09
3.30E-05,2.0943590799E-09
3.31E-05,2.0906004755E-09
3.31E-05,2.0853105766E-09
3.31E-05,2.0805651470E-09
3.31E-05,2.0771518091E-09
3.31E-05,2.0724844065E-09
3.32E-05,2.0681282058E-09
3.32E-05,2.0637867771E-09
3.32E-05,2.0589833660E-09
3.32E-05,2.0545981705E-09
3.32E-05,2.0498090272E-09
3.33E-05,2.0463624354E-09
3.33E-05,2.0472500004E-09
3.33E-05,2.1763385875E-09
3.33E-05,2.1671320834E-09
3.33E-05,2.1615367569E-09
3.34E-05,2.1547331494E-09
3.34E-05,2.1572628329E-09
3.34E-05,2.1526410806E-09
3.34E-05,2.1485702937E-09
3.34E-05,2.1396654950E-09
3.35E-05,2.1383952257E-09
3.35E-05,2.1339973218E-09
3.35E-05,2.1296658266E-09
3.35E-05,2.1247860893E-09
3.35E-05,2.1208372673E-09
3.36E-05,2.1186043009E-09
3.36E-05,2.1133035944E-09
3.36E-05,2.1071485600E-09
3.36E-05,2.1029858848E-09
3.36E-05,2.1003629349E-09
3.37E-05,2.0903766368E-09
3.37E-05,2.0890078427E-09
3.37E-05,2.0873307948E-09
3.37E-05,2.0806735035E-09
3.37E-05,2.0771184281E-09
3.38E-05,2.0671662591E-09
3.38E-05,2.0641936309E-09
3.38E-05,2.0656070668E-09
3.38E-05,2.0553015569E-09
3.38E-05,2.0539884589E-09
3.39E-05,2.0496118309E-09
3.39E-05,2.0452564292E-09
3.39E-05,2.0422686350E-09
3.39E-05,2.0391344340E-09
3.39E-05,2.0361219739E-09
3.40E-05,2.0313694326E-09
3.40E-05,2.0245660408E-09
3.40E-05,2.0254913970E-09
3.40E-05,2.0210471982E-09
3.40E-05,2.0143077952E-09
3.41E-05,2.0066059718E-09
3.41E-05,2.0023384518E-09
3.41E-05,2.0019102306E-09
3.41E-05,1.9978249710E-09
3.41E-05,1.9919739105E-09
3.42E-05,1.9885643436E-09
3.42E-05,1.9854164823E-09
3.42E-05,1.9792170262E-09
3.42E-05,1.9766951784E-09
3.42E-05,1.9700723754E-09
3.43E-05,1.9659649087E-09
3.43E-05,1.9625757819E-09
3.43E-05,1.9535954526E-09
3.43E-05,1.9545379762E-09
3.43E-05,1.9445412230E-09
3.44E-05,1.9436298843E-09
3.44E-05,1.9409168356E-09
3.44E-05,1.9345077532E-09
3.44E-05,1.9296689231E-09
3.44E-05,1.9257665361E-09
3.45E-05,1.9235798965E-09
3.45E-05,1.9133423457E-09
3.45E-05,1.9077489624E-09
3.45E-05,1.9088411315E-09
3.45E-05,1.8999717966E-09
3.46E-05,1.9061226251E-09
3.46E-05,2.0305831817E-09
3.46E-05,2.0254683750E-09
3.46E-05,2.0224456062E-09
3.46E-05,2.0159228648E-09
3.47E-05,2.0117985229E-09
3.47E-05,2.0072517844E-09
3.47E-05,2.0033733273E-09
3.47E-05,1.9977813565E-09
3.47E-05,1.9931783316E-09
3.48E-05,1.9901025650E-09
3.48E-05,1.9811911670E-09
3.48E-05,1.9769445661E-09
3.48E-05,1.9767181246E-09
3.48E-05,1.9707868020E-09
3.49E-05,1.9619905592E-09
3.49E-05,1.9626719895E-09
3.49E-05,1.9570477879E-09
3.49E-05,1.9539669183E-09
3.49E-05,1.9501186520E-09
3.50E-05,1.9436884959E-09
3.50E-05,1.9410187045E-09
3.50E-05,1.9370183882E-09
3.50E-05,1.9308638581E-09
3.50E-05,1.9265660644E-09
3.51E-05,1.9232354922E-09
3.51E-05,1.9175748295E-09
3.51E-05,1.9129399428E-09
3.51E-05,1.9086339109E-09
3.51E-05,1.9057006385E-09
3.52E-05,1.8997480603E-09
3.52E-05,1.8957295738E-09
3.52E-05,1.8923670575E-09
3.52E-05,1.8908876915E-09
3.52E-05,1.8863889749E-09
3.53E-05,1.8839578130E-09
3.53E-05,1.8779008971E-09
3.53E-05,1.8745538733E-09
3.53E-05,1.8689770478E-09
3.53E-05,1.8646232789E-09
3.54E-05,1.8598170284E-09
3.54E-05,1.8570412323E-09
3.54E-05,1.8525946916E-09
3.54E-05,1.8467865381E-09
3.54E-05,1.8435731738E-09
3.55E-05,1.8379676577E-09
3.55E-05,1.8336896070E-09
3.55E-05,1.8289579653E-09
3.55E-05,1.8248703026E-09
3.55E-05,1.8153791311E-09
3.56E-05,1.8172991735E-09
3.56E-05,1.8114601281E-09
3.56E-05,1.8071086160E-09
3.56E-05,1.8041810881E-09
3.56E-05,1.7932799320E-09
3.57E-05,1.7932232993E-09
3.57E-05,1.7891022119E-09
3.57E-05,1.7862857126E-09
3.57E-05,1.7816964869E-09
3.57E-05,1.7769563042E-09
3.58E-05,1.7667200510E-09
3.58E-05,1.7682570418E-09
3.58E-05,1.7574836768E-09
3.58E-05,1.7583448404E-09
3.58E-05,1.7605059236E-09
3.59E-05,1.8871053517E-09
3.59E-05,1.8823777622E-09
3.59E-05,1.8773826910E-09
3.59E-05,1.8742311093E-09
3.59E-05,1.8717101635E-09
3.60E-05,1.8633357597E-09
3.60E-05,1.8590590243E-09
3.60E-05,1.8547561972E-09
3.60E-05,1.8536757550E-09
3.60E-05,1.8454839382E-09
3.61E-05,1.8384470500E-09
3.61E-05,1.8366363629E-09
3.61E-05,1.8323474576E-09
3.61E-05,1.8274484296E-09
3.61E-05,1.8230169742E-09
3.62E-05,1.8183266064E-09
3.62E-05,1.8159414616E-09
3.62E-05,1.8106672488E-09
3.62E-05,1.8057865282E-09
3.62E-05,1.8012422887E-09
3.63E-05,1.7970984039E-09
3.63E-05,1.7924421555E-09
3.63E-05,1.7877713386E-09
3.63E-05,1.7839955537E-09
3.63E-05,1.7784446960E-09
3.64E-05,1.7743988804E-09
3.64E-05,1.7703355943E-09
3.64E-05,1.7667456163E-09
3.64E-05,1.7627527071E-09
3.64E-05,1.7576238705E-09
3.65E-05,1.7533088669E-09
3.65E-05,1.7486483366E-09
3.65E-05,1.7480731493E-09
3.65E-05,1.7441601443E-09
3.65E-05,1.7399883439E-09
3.66E-05,1.7342191756E-09
3.66E-05,1.7312224616E-09
3.66E-05,1.7254119180E-09
3.66E-05,1.7216372805E-09
3.66E-05,1.7170650926E-09
3.67E-05,1.7109014708E-09
3.67E-05,1.7079447999E-09
3.67E-05,1.7036874558E-09
3.67E-05,1.6995453370E-09
3.67E-05,1.6943446402E-09
3.68E-05,1.6901597405E-09
3.68E-05,1.6861365183E-09
3.68E-05,1.6816895420E-09
3.68E-05,1.6800919175E-09
3.68E-05,1.6722577821E-09
3.69E-05,1.6677169766E-09
3.69E-05,1.6666681616E-09
3.69E-05,1.6590033140E-09
3.69E-05,1.6543279006E-09
3.69E-05,1.6498736854E-09
3.70E-05,1.6455517476E-09
3.70E-05,1.6413052481E-09
3.70E-05,1.6366972568E-09
3.70E-05,1.6328624598E-09
3.70E-05,1.6276100351E-09
3.71E-05,1.6181696378E-09
3.71E-05,1.6193668750E-09
3.71E-05,1.6145814542E-09
3.71E-05,1.6158759229E-09
3.71E-05,1.7461350642E-09
3.72E-05,1.7416682205E-09
3.72E-05,1.7320485407E-09
3.72E-05,1.7328995140E-09
3.72E-05,1.7285063472E-09
3.72E-05,1.7239117840E-09
3.73E-05,1.7193560517E-09
3.73E-05,1.7143437197E-09
3.73E-05,1.7104000784E-09
3.73E-05,1.7059268833E-09
3.73E-05,1.7013911425E-09
3.74E-05,1.6968744875E-09
3.74E-05,1.6922290180E-09
3.74E-05,1.6878370069E-09
3.74E-05,1.6834460052E-09
3.74E-05,1.6786894050E-09
3.75E-05,1.6741673769E-09
3.75E-05,1.6696749165E-09
3.75E-05,1.6652134278E-09
3.75E-05,1.6608238139E-09
3.75E-05,1.6548554793E-09
3.76E-05,1.6520606817E-09
3.76E-05,1.6476026293E-09
3.76E-05,1.6421224820E-09
3.76E-05,1.6384889840E-09
3.76E-05,1.6340522240E-09
3.77E-05,1.6293601184E-09
3.77E-05,1.6246621071E-09
3.77E-05,1.6206965041E-09
3.77E-05,1.6093529981E-09
3.77E-05,1.6121320984E-09
3.78E-05,1.6082306505E-09
3.78E-05,1.6076785846E-09
3.78E-05,1.6033525224E-09
3.78E-05,1.5990172533E-09
3.78E-05,1.5947464081E-09
3.79E-05,1.5898046996E-09
3.79E-05,1.5859042817E-09
3.79E-05,1.5813351979E-09
3.79E-05,1.5744601322E-09
3.79E-05,1.5727430579E-09
3.80E-05,1.5655925050E-09
3.80E-05,1.5623437172E-09
3.80E-05,1.5590234756E-09
3.80E-05,1.5551724417E-09
3.80E-05,1.5506614532E-09
3.81E-05,1.5457611095E-09
3.81E-05,1.5415684755E-09
3.81E-05,1.5324123268E-09
3.81E-05,1.5329377919E-09
3.81E-05,1.5286158792E-09
3.82E-05,1.5224280260E-09
3.82E-05,1.5199961138E-09
3.82E-05,1.5155899380E-09
3.82E-05,1.5105484927E-09
3.82E-05,1.5061058040E-09
3.83E-05,1.5017604516E-09
3.83E-05,1.4973013743E-09
3.83E-05,1.4905186508E-09
3.83E-05,1.4888240533E-09
3.83E-05,1.4839627034E-09
3.84E-05,1.4793398985E-09
3.84E-05,1.4697418174E-09
3.84E-05,1.4721389374E-09
3.84E-05,1.5994525632E-09
3.84E-05,1.5934012092E-09
3.85E-05,1.5889159038E-09
3.85E-05,1.5864099461E-09
3.85E-05,1.5799211159E-09
3.85E-05,1.5771947230E-09
3.85E-05,1.5719397671E-09
3.86E-05,1.5677615973E-09
3.86E-05,1.5617719842E-09
3.86E-05,1.5574254152E-09
3.86E-05,1.5529758025E-09
3.86E-05,1.5483866202E-09
3.87E-05,1.5440318402E-09
3.87E-05,1.5403639914E-09
3.87E-05,1.5360941522E-09
3.87E-05,1.5323940055E-09
3.87E-05,1.5291067301E-09
3.88E-05,1.5230777779E-09
3.88E-05,1.5171150365E-09
3.88E-05,1.5127657306E-09
3.88E-05,1.5098606776E-09
3.88E-05,1.5050605201E-09
3.89E-05,1.5008738184E-09
3.89E-05,1.4976887762E-09
3.89E-05,1.4919666696E-09
3.89E-05,1.4878289967E-09
3.89E-05,1.4819767523E-09
3.90E-05,1.4778214420E-09
3.90E-05,1.4747102423E-09
3.90E-05,1.4706157538E-09
3.90E-05,1.4664925982E-09
3.90E-05,1.4598884241E-09
3.91E-05,1.4609983242E-09
3.91E-05,1.4553382907E-09
3.91E-05,1.4510507192E-09
3.91E-05,1.4467051888E-09
3.91E-05,1.4430581401E-09
3.92E-05,1.4387220180E-09
3.92E-05,1.4352737678E-09
3.92E-05,1.4307311440E-09
3.92E-05,1.4250514740E-09
3.92E-05,1.4204430494E-09
3.93E-05,1.4179122392E-09
3.93E-05,1.4130186523E-09
3.93E-05,1.4074513561E-09
3.93E-05,1.4024979828E-09
3.93E-05,1.3994009637E-09
3.94E-05,1.3938347663E-09
3.94E-05,1.3901675061E-09
3.94E-05,1.3851085894E-09
3.94E-05,1.3800065054E-09
3.94E-05,1.3757464871E-09
3.95E-05,1.3725363777E-09
3.95E-05,1.3667018730E-09
3.95E-05,1.3633986867E-09
3.95E-05,1.3599210734E-09
3.95E-05,1.3556952578E-09
3.96E-05,1.3489923531E-09
3.96E-05,1.3468232551E-09
3.96E-05,1.3418839593E-09
3.96E-05,1.3366734784E-09
3.96E-05,1.3331893570E-09
3.97E-05,1.3281564185E-09
3.97E-05,1.3277742815E-09
3.97E-05,1.4599027014E-09
3.97E-05,1.4555359986E-09
3.97E-05,1.4513329150E-09
3.98E-05,1.4459918031E-09
3.98E-05,1.4416005825E-09
3.98E-05,1.4372716189E-09
3.98E-05,1.4326830890E-09
3.98E-05,1.4277071128E-09
3.99E-05,1.4232194739E-09
3.99E-05,1.4198291483E-09
3.99E-05,1.4156414723E-09
3.99E-05,1.4071509894E-09
3.99E-05,1.4050737310E-09
4.00E-05,1.4017850605E-09
4.00E-05,1.3965722305E-09
4.00E-05,1.3893844435E-09
4.00E-05,1.3846781396E-09
4.00E-05,1.3829121637E-09
4.01E-05,1.3782185506E-09
4.01E-05,1.3709593040E-09
4.01E-05,1.3670341444E-09
4.01E-05,1.3641730417E-09
4.01E-05,1.3622415378E-09
4.02E-05,1.3558902255E-09
4.02E-05,1.3525971754E-09
4.02E-05,1.3449851914E-09
4.02E-05,1.3421388401E-09
4.02E-05,1.3391573109E-09
4.03E-05,1.3349320230E-09
4.03E-05,1.3305533665E-09
4.03E-05,1.3245008515E-09
4.03E-05,1.3215530249E-09
4.03E-05,1.3178023094E-09
4.04E-05,1.3107706225E-09
4.04E-05,1.3093949869E-09
4.04E-05,1.3079631636E-09
4.04E-05,1.3011218438E-09
4.04E-05,1.3003388265E-09
4.05E-05,1.2960309266E-09
4.05E-05,1.2899829273E-09
4.05E-05,1.2850922872E-09
4.05E-05,1.2809689562E-09
4.05E-05,1.2772164328E-09
4.06E-05,1.2720417037E-09
4.06E-05,1.2688455899E-09
4.06E-05,1.2627600869E-09
4.06E-05,1.2564235482E-09
4.06E-05,1.2516088411E-09
4.07E-05,1.2472307686E-09
4.07E-05,1.2457470261E-09
4.07E-05,1.2408106045E-09
4.07E-05,1.2379534252E-09
4.07E-05,1.2325158033E-09
4.08E-05,1.2272095592E-09
4.08E-05,1.2241223744E-09
4.08E-05,1.2190517629E-09
4.08E-05,1.2160226447E-09
4.08E-05,1.2095225266E-09
4.09E-05,1.2053659452E-09
4.09E-05,1.2028113470E-09
4.09E-05,1.1977756914E-09
4.09E-05,1.1932675802E-09
4.09E-05,1.1855004226E-09
,
,
