delay (Vbp=1.1) X,delay (Vbp=1.1) Y,delay (Vbp=1.2) X,delay (Vbp=1.2) Y,delay (Vbp=1.3) X,delay (Vbp=1.3) Y,delay (Vbp=1.5) X,delay (Vbp=1.5) Y
1e-06,9.469136283325902e-10,1e-06,9.855716461532074e-10,1e-06,1.022611191964639e-09,1e-06,1.091756575998112e-09
1.02e-06,9.688948046883415e-10,1.02e-06,1.007897051026998e-09,1.02e-06,1.045041312961343e-09,1.02e-06,1.115287933976308e-09
1.04e-06,9.912142094267099e-10,1.04e-06,1.030685356829125e-09,1.04e-06,1.068640701510137e-09,1.04e-06,1.139532378200161e-09
1.06e-06,1.013241535913571e-09,1.06e-06,1.053377134829119e-09,1.06e-06,1.091691871007595e-09,1.06e-06,1.16392094741258e-09
1.08e-06,1.035556021852972e-09,1.08e-06,1.076064354264872e-09,1.08e-06,1.114726112577448e-09,1.08e-06,1.187323397263002e-09
1.1e-06,1.057682302923011e-09,1.1e-06,1.098880957408227e-09,1.1e-06,1.138053600793925e-09,1.1e-06,1.211078138312074e-09
1.12e-06,1.080093759703288e-09,1.12e-06,1.121753474704801e-09,1.12e-06,1.161500335973947e-09,1.12e-06,1.23616085388062e-09
1.14e-06,1.101928975132759e-09,1.14e-06,1.144068167621467e-09,1.14e-06,1.184345525809496e-09,1.14e-06,1.259519553825652e-09
1.16e-06,1.124205325302807e-09,1.16e-06,1.16685099885657e-09,1.16e-06,1.207297986284033e-09,1.16e-06,1.28353555814093e-09
1.18e-06,1.146547862115938e-09,1.18e-06,1.189381891216839e-09,1.18e-06,1.23063327747371e-09,1.18e-06,1.307429270141239e-09
1.2e-06,1.168714616839956e-09,1.2e-06,1.212321769718078e-09,1.2e-06,1.253943278972219e-09,1.2e-06,1.331591927911923e-09
1.22e-06,1.190852821072138e-09,1.22e-06,1.234927264312259e-09,1.22e-06,1.276859191562903e-09,1.22e-06,1.355682953754011e-09
1.24e-06,1.213124924840546e-09,1.24e-06,1.25764937122798e-09,1.24e-06,1.300075347227109e-09,1.24e-06,1.379261662381373e-09
1.26e-06,1.235125080615309e-09,1.26e-06,1.280234424964514e-09,1.26e-06,1.323160670030968e-09,1.26e-06,1.4033097241309e-09
1.28e-06,1.257636398704863e-09,1.28e-06,1.30305086023757e-09,1.28e-06,1.346622737806074e-09,1.28e-06,1.427701121399438e-09
1.3e-06,1.279679263683016e-09,1.3e-06,1.325460731934203e-09,1.3e-06,1.369394135774671e-09,1.3e-06,1.451438163927253e-09
1.32e-06,1.301793351178721e-09,1.32e-06,1.348186337948354e-09,1.32e-06,1.392475605254104e-09,1.32e-06,1.474841295538781e-09
1.34e-06,1.323651397689743e-09,1.34e-06,1.370786100028096e-09,1.34e-06,1.415282118925246e-09,1.34e-06,1.499049677638916e-09
1.36e-06,1.345990891493617e-09,1.36e-06,1.39347145881785e-09,1.36e-06,1.43893351283403e-09,1.36e-06,1.523698283936727e-09
1.38e-06,1.367983911192493e-09,1.38e-06,1.416093143430154e-09,1.38e-06,1.461349317131994e-09,1.38e-06,1.547482160563617e-09
1.4e-06,1.390545023229527e-09,1.4e-06,1.439014597422957e-09,1.4e-06,1.485061688445539e-09,1.4e-06,1.571609781860227e-09
1.42e-06,1.412430353970579e-09,1.42e-06,1.461251666606601e-09,1.42e-06,1.507498938393334e-09,1.42e-06,1.596371392829664e-09
1.44e-06,1.434635349879551e-09,1.44e-06,1.484158018434927e-09,1.44e-06,1.531009024981637e-09,1.44e-06,1.619959694733243e-09
1.46e-06,1.456656368061574e-09,1.46e-06,1.506412095395928e-09,1.46e-06,1.553955335710083e-09,1.46e-06,1.643509187493336e-09
1.48e-06,1.478831595972101e-09,1.48e-06,1.529159321516068e-09,1.48e-06,1.577140136434522e-09,1.48e-06,1.667650778735582e-09
1.5e-06,1.500769975741597e-09,1.5e-06,1.551722535004496e-09,1.5e-06,1.600614762495501e-09,1.5e-06,1.691662610093323e-09
1.52e-06,1.52302142279378e-09,1.52e-06,1.574601242509325e-09,1.52e-06,1.623313735401392e-09,1.52e-06,1.716233907332364e-09
1.54e-06,1.54488232789363e-09,1.54e-06,1.597005432625167e-09,1.54e-06,1.64662386436139e-09,1.54e-06,1.739395094534326e-09
1.56e-06,1.567084124194125e-09,1.56e-06,1.619567043455065e-09,1.56e-06,1.669356458085346e-09,1.56e-06,1.763332074067992e-09
1.58e-06,1.589338791228598e-09,1.58e-06,1.642340023690244e-09,1.58e-06,1.693203674687431e-09,1.58e-06,1.787277789271685e-09
1.6e-06,1.611148357482681e-09,1.6e-06,1.665182045929917e-09,1.6e-06,1.716426116888628e-09,1.6e-06,1.81129120290476e-09
1.62e-06,1.633131018514561e-09,1.62e-06,1.687883125809909e-09,1.62e-06,1.739388524398666e-09,1.62e-06,1.834734560377555e-09
1.64e-06,1.654876105409883e-09,1.64e-06,1.710031195262599e-09,1.64e-06,1.76200198276975e-09,1.64e-06,1.857009060781908e-09
1.66e-06,1.676779880664771e-09,1.66e-06,1.732428838614348e-09,1.66e-06,1.784563155500911e-09,1.66e-06,1.882744076673834e-09
1.68e-06,1.698923970020074e-09,1.68e-06,1.75514088359549e-09,1.68e-06,1.808058865624297e-09,1.68e-06,1.905643748944502e-09
1.7e-06,1.721607584643564e-09,1.7e-06,1.777533619455042e-09,1.7e-06,1.830825146921599e-09,1.7e-06,1.930052068776596e-09
1.72e-06,1.742952576750058e-09,1.72e-06,1.80006233925282e-09,1.72e-06,1.854021603542716e-09,1.72e-06,1.954069486785573e-09
1.74e-06,1.76507500120046e-09,1.74e-06,1.822582272611638e-09,1.74e-06,1.876897341470504e-09,1.74e-06,1.977510522904544e-09
1.76e-06,1.786718620167163e-09,1.76e-06,1.845203714328934e-09,1.76e-06,1.899988661906982e-09,1.76e-06,2.001791707176824e-09
1.78e-06,1.808584633391737e-09,1.78e-06,1.867629480482079e-09,1.78e-06,1.922960703866205e-09,1.78e-06,2.025326149347503e-09
1.8e-06,1.830854143041287e-09,1.8e-06,1.890253424740724e-09,1.8e-06,1.945983003881188e-09,1.8e-06,2.049332384446982e-09
1.82e-06,1.852731552428203e-09,1.82e-06,1.912449989743056e-09,1.82e-06,1.968580255848951e-09,1.82e-06,2.072793419047744e-09
1.84e-06,1.874784252265922e-09,1.84e-06,1.933890089260005e-09,1.84e-06,1.991593118614253e-09,1.84e-06,2.096967461523409e-09
1.86e-06,1.896593237206644e-09,1.86e-06,1.957573622712191e-09,1.86e-06,2.014479158413678e-09,1.86e-06,2.121041159112082e-09
1.88e-06,1.919530097967766e-09,1.88e-06,1.979946987337179e-09,1.88e-06,2.037460163679414e-09,1.88e-06,2.144458602392013e-09
1.9e-06,1.941307012486226e-09,1.9e-06,2.002417518136597e-09,1.9e-06,2.060564389946901e-09,1.9e-06,2.167788184559256e-09
1.92e-06,1.962659371646779e-09,1.92e-06,2.024525954125913e-09,1.92e-06,2.083342012329714e-09,1.92e-06,2.19186820135715e-09
1.94e-06,1.985219525372897e-09,1.94e-06,2.046896527613524e-09,1.94e-06,2.106154718499554e-09,1.94e-06,2.215573265390885e-09
1.96e-06,2.007455450406024e-09,1.96e-06,2.069970681270627e-09,1.96e-06,2.129206743529236e-09,1.96e-06,2.239474465818284e-09
1.98e-06,2.029615532171574e-09,1.98e-06,2.092401234214184e-09,1.98e-06,2.151939907661165e-09,1.98e-06,2.26239599656245e-09
2e-06,2.051371947421418e-09,2e-06,2.114628813358106e-09,2e-06,2.175136098878974e-09,2e-06,2.287077227547518e-09
2.02e-06,2.073278807822628e-09,2.02e-06,2.137159088621015e-09,2.02e-06,2.197872490414059e-09,2.02e-06,2.31041485476853e-09
2.04e-06,2.095650979259346e-09,2.04e-06,2.159474079718615e-09,2.04e-06,2.221026086111538e-09,2.04e-06,2.334508904398271e-09
2.06e-06,2.117525134202187e-09,2.06e-06,2.181818191497944e-09,2.06e-06,2.243541948545899e-09,2.06e-06,2.358341217254768e-09
2.08e-06,2.139350540364068e-09,2.08e-06,2.20433109595061e-09,2.08e-06,2.266552839721889e-09,2.08e-06,2.382177282307645e-09
2.1e-06,2.161237508213357e-09,2.1e-06,2.227077958064319e-09,2.1e-06,2.289760582283675e-09,2.1e-06,2.405316331960003e-09
2.12e-06,2.183250229850705e-09,2.12e-06,2.249761083259821e-09,2.12e-06,2.312390837062808e-09,2.12e-06,2.429615421513676e-09
2.14e-06,2.205008111959703e-09,2.14e-06,2.272006807089177e-09,2.14e-06,2.33515045083584e-09,2.14e-06,2.453183098785079e-09
2.16e-06,2.227075724863897e-09,2.16e-06,2.294299119254684e-09,2.16e-06,2.358326910472028e-09,2.16e-06,2.47675726993882e-09
2.18e-06,2.248835495763091e-09,2.18e-06,2.316335823073902e-09,2.18e-06,2.380812648808937e-09,2.18e-06,2.501025993643904e-09
2.2e-06,2.270795225751106e-09,2.2e-06,2.339289516796944e-09,2.2e-06,2.403701664805099e-09,2.2e-06,2.524331739118151e-09
2.22e-06,2.292775217050408e-09,2.22e-06,2.361230311944605e-09,2.22e-06,2.426481044837534e-09,2.22e-06,2.547840484390246e-09
2.24e-06,2.314465890746037e-09,2.24e-06,2.383721393778694e-09,2.24e-06,2.449271672766655e-09,2.24e-06,2.570894853008533e-09
2.26e-06,2.336335803072384e-09,2.26e-06,2.406011688293156e-09,2.26e-06,2.47209953644986e-09,2.26e-06,2.595061606363593e-09
2.28e-06,2.357438706237968e-09,2.28e-06,2.42756409546051e-09,2.28e-06,2.494194199360389e-09,2.28e-06,2.617384460746829e-09
2.3e-06,2.379101528670386e-09,2.3e-06,2.449814091530041e-09,2.3e-06,2.516816422376187e-09,2.3e-06,2.640931547515742e-09
2.32e-06,2.401064417536589e-09,2.32e-06,2.472295257935847e-09,2.32e-06,2.539546860005285e-09,2.32e-06,2.665001386430215e-09
2.34e-06,2.422773665543865e-09,2.34e-06,2.494364952014484e-09,2.34e-06,2.562205063064336e-09,2.34e-06,2.688579448951772e-09
2.36e-06,2.444787604178506e-09,2.36e-06,2.516932689706047e-09,2.36e-06,2.585284642399537e-09,2.36e-06,2.712381318893741e-09
2.38e-06,2.466411568141079e-09,2.38e-06,2.538952399991623e-09,2.38e-06,2.608049333018823e-09,2.38e-06,2.735829022849034e-09
2.4e-06,2.488322644193273e-09,2.4e-06,2.561382931052606e-09,2.4e-06,2.63105979028474e-09,2.4e-06,2.759551926323572e-09
2.42e-06,2.510025704143787e-09,2.42e-06,2.583774241170252e-09,2.42e-06,2.65344895614031e-09,2.42e-06,2.783130993210724e-09
2.44e-06,2.53191076565191e-09,2.44e-06,2.605876806378516e-09,2.44e-06,2.676455978180609e-09,2.44e-06,2.807220937098634e-09
2.46e-06,2.553587097292787e-09,2.46e-06,2.62839357417355e-09,2.46e-06,2.699217261787757e-09,2.46e-06,2.830425630524967e-09
2.48e-06,2.575598642846054e-09,2.48e-06,2.65080353787977e-09,2.48e-06,2.721645172341934e-09,2.48e-06,2.854264609171472e-09
2.5e-06,2.597078544074929e-09,2.5e-06,2.672913413733585e-09,2.5e-06,2.744689249305708e-09,2.5e-06,2.877559698741798e-09
2.52e-06,2.618999614793853e-09,2.52e-06,2.695247009892473e-09,2.52e-06,2.767035594896441e-09,2.52e-06,2.901477991954271e-09
2.54e-06,2.640865076583106e-09,2.54e-06,2.717708742088013e-09,2.54e-06,2.789769872779179e-09,2.54e-06,2.924866401303538e-09
2.56e-06,2.662973875050804e-09,2.56e-06,2.740039091634981e-09,2.56e-06,2.813048402783284e-09,2.56e-06,2.949154504969372e-09
2.58e-06,2.684617812193854e-09,2.58e-06,2.762148310372396e-09,2.58e-06,2.835088381365082e-09,2.58e-06,2.971793737538969e-09
2.6e-06,2.70635053502933e-09,2.6e-06,2.784462481869161e-09,2.6e-06,2.858393284956648e-09,2.6e-06,2.995744438820874e-09
2.62e-06,2.727994868345748e-09,2.62e-06,2.806777865304625e-09,2.62e-06,2.880449588927905e-09,2.62e-06,3.019155935128218e-09
2.64e-06,2.750229886463728e-09,2.64e-06,2.829165530212053e-09,2.64e-06,2.903919710783323e-09,2.64e-06,3.042612807854755e-09
2.66e-06,2.771769031468461e-09,2.66e-06,2.851252818641682e-09,2.66e-06,2.926388892558638e-09,2.66e-06,3.06601069727159e-09
2.68e-06,2.7935744250369e-09,2.68e-06,2.873453229590687e-09,2.68e-06,2.948919303428657e-09,2.68e-06,3.088683973119953e-09
2.7e-06,2.815135795365236e-09,2.7e-06,2.895608288934809e-09,2.7e-06,2.971151774283889e-09,2.7e-06,3.11223050902024e-09
2.72e-06,2.836993370928784e-09,2.72e-06,2.917821143531613e-09,2.72e-06,2.993822207365148e-09,2.72e-06,3.136693790230979e-09
2.74e-06,2.858533513695557e-09,2.74e-06,2.939888265962444e-09,2.74e-06,3.017186345853261e-09,2.74e-06,3.160744710972405e-09
2.76e-06,2.880604757287354e-09,2.76e-06,2.962316974498829e-09,2.76e-06,3.039374184351962e-09,2.76e-06,3.184419933312946e-09
2.78e-06,2.902077729561839e-09,2.78e-06,2.984489500518307e-09,2.78e-06,3.061685241114892e-09,2.78e-06,3.207778014836096e-09
2.8e-06,2.92373070228786e-09,2.8e-06,3.00694140024692e-09,2.8e-06,3.085321762218888e-09,2.8e-06,3.231012524779859e-09
2.82e-06,2.945535606886427e-09,2.82e-06,3.029009288789367e-09,2.82e-06,3.107059607500852e-09,2.82e-06,3.254567223474807e-09
2.84e-06,2.967252482820218e-09,2.84e-06,3.051088217154856e-09,2.84e-06,3.129672002661649e-09,2.84e-06,3.27820487807247e-09
2.86e-06,2.988942291196132e-09,2.86e-06,3.073034156442856e-09,2.86e-06,3.152314068291172e-09,2.86e-06,3.301175617888427e-09
2.88e-06,3.010589151834311e-09,2.88e-06,3.095489950655281e-09,2.88e-06,3.175026393841245e-09,2.88e-06,3.325184943145201e-09
2.9e-06,3.032556528452952e-09,2.9e-06,3.117607278916999e-09,2.9e-06,3.197775869815808e-09,2.9e-06,3.348556232300038e-09
2.92e-06,3.054020237459237e-09,2.92e-06,3.139801487891711e-09,2.92e-06,3.221202977707222e-09,2.92e-06,3.371860158246768e-09
2.94e-06,3.075599800529574e-09,2.94e-06,3.162093174219463e-09,2.94e-06,3.242787465933731e-09,2.94e-06,3.395682501619745e-09
2.96e-06,3.097518197324528e-09,2.96e-06,3.184393491251629e-09,2.96e-06,3.26651098141565e-09,2.96e-06,3.419289158137919e-09
2.98e-06,3.11894642846047e-09,2.98e-06,3.206332813371603e-09,2.98e-06,3.289067034578794e-09,2.98e-06,3.442672354425819e-09
3e-06,3.140753061200105e-09,3e-06,3.228672049200436e-09,3e-06,3.311697696625027e-09,3e-06,3.466767218502774e-09
3.02e-06,3.162387421516272e-09,3.02e-06,3.250606531535667e-09,3.02e-06,3.334210681082063e-09,3.02e-06,3.488995509956063e-09
3.04e-06,3.184250607445851e-09,3.04e-06,3.272901376666773e-09,3.04e-06,3.356970152264458e-09,3.04e-06,3.513180714797182e-09
3.06e-06,3.205356069291522e-09,3.06e-06,3.294835897428224e-09,3.06e-06,3.379215257587322e-09,3.06e-06,3.537515617288083e-09
3.08e-06,3.227521880667952e-09,3.08e-06,3.317090509617644e-09,3.08e-06,3.402206915010288e-09,3.08e-06,3.560393217048849e-09
3.1e-06,3.249210264597775e-09,3.1e-06,3.339307290135785e-09,3.1e-06,3.424605085848882e-09,3.1e-06,3.583251564277104e-09
3.12e-06,3.270742000384214e-09,3.12e-06,3.361344413338261e-09,3.12e-06,3.447353704241326e-09,3.12e-06,3.607071142151933e-09
3.14e-06,3.292281407995466e-09,3.14e-06,3.383684809308191e-09,3.14e-06,3.469447269503848e-09,3.14e-06,3.630599926525264e-09
3.16e-06,3.314038358011383e-09,3.16e-06,3.405726555013572e-09,3.16e-06,3.492118528014431e-09,3.16e-06,3.654180401524465e-09
3.18e-06,3.335559107327964e-09,3.18e-06,3.427483058906393e-09,3.18e-06,3.514857098493546e-09,3.18e-06,3.677449917667394e-09
3.2e-06,3.357274736710821e-09,3.2e-06,3.449758602942758e-09,3.2e-06,3.537480735050886e-09,3.2e-06,3.700912523451094e-09
3.22e-06,3.378994575150245e-09,3.22e-06,3.471898637065809e-09,3.22e-06,3.560071480490272e-09,3.22e-06,3.724140913523907e-09
3.24e-06,3.400451663569937e-09,3.24e-06,3.494407317522138e-09,3.24e-06,3.582739529084039e-09,3.24e-06,3.747576941157126e-09
3.26e-06,3.422227331329892e-09,3.26e-06,3.51624687595319e-09,3.26e-06,3.605550051047732e-09,3.26e-06,3.770834935638344e-09
3.28e-06,3.443831237467607e-09,3.28e-06,3.538679033586002e-09,3.28e-06,3.628049024530955e-09,3.28e-06,3.794598230469487e-09
3.3e-06,3.46509026511603e-09,3.3e-06,3.560673473682076e-09,3.3e-06,3.6506578720864e-09,3.3e-06,3.817739463691334e-09
3.32e-06,3.487194827330693e-09,3.32e-06,3.582741971483939e-09,3.32e-06,3.673347249119077e-09,3.32e-06,3.840613410834051e-09
3.34e-06,3.50849810699161e-09,3.34e-06,3.604812108764072e-09,3.34e-06,3.695747267540898e-09,3.34e-06,3.864579201346204e-09
3.36e-06,3.53022562186283e-09,3.36e-06,3.626897106445196e-09,3.36e-06,3.718539076523648e-09,3.36e-06,3.887936290077616e-09
3.38e-06,3.551689916714424e-09,3.38e-06,3.649091235011945e-09,3.38e-06,3.741026953665391e-09,3.38e-06,3.911631479155607e-09
3.4e-06,3.573100186733052e-09,3.4e-06,3.671433652262132e-09,3.4e-06,3.763667466240722e-09,3.4e-06,3.934898335226939e-09
3.42e-06,3.594828153823738e-09,3.42e-06,3.693273274032543e-09,3.42e-06,3.786130799545193e-09,3.42e-06,3.958537538428234e-09
3.44e-06,3.61635630923533e-09,3.44e-06,3.715545948043718e-09,3.44e-06,3.808580686984566e-09,3.44e-06,3.981455504614677e-09
3.46e-06,3.638190176734047e-09,3.46e-06,3.737382145094003e-09,3.46e-06,3.831072266832433e-09,3.46e-06,4.005411400362651e-09
3.48e-06,3.659461362210373e-09,3.48e-06,3.75957376488558e-09,3.48e-06,3.853840648490781e-09,3.48e-06,4.028494933355887e-09
3.5e-06,3.680946769607971e-09,3.5e-06,3.781507596853657e-09,3.5e-06,3.876267416736557e-09,3.5e-06,4.051420603639548e-09
3.52e-06,3.703006331866603e-09,3.52e-06,3.80358100753932e-09,3.52e-06,3.898812716033436e-09,3.52e-06,4.076457592536057e-09
3.54e-06,3.72460721997216e-09,3.54e-06,3.825616429358903e-09,3.54e-06,3.921191352141838e-09,3.54e-06,4.099466688585349e-09
3.56e-06,3.744932876431196e-09,3.56e-06,3.846424998809698e-09,3.56e-06,3.942575374189446e-09,3.56e-06,4.120918615025206e-09
3.58e-06,3.766381263343481e-09,3.58e-06,3.86828499176899e-09,3.58e-06,3.964518587805678e-09,3.58e-06,4.144105503217168e-09
3.6e-06,3.787398893816697e-09,3.6e-06,3.890592534652307e-09,3.6e-06,3.987348373089991e-09,3.6e-06,4.166929365308805e-09
3.62e-06,3.809420825786638e-09,3.62e-06,3.912619349881635e-09,3.62e-06,4.009734253502511e-09,3.62e-06,4.190002461979007e-09
3.64e-06,3.830984326319655e-09,3.64e-06,3.934621591654993e-09,3.64e-06,4.032344554073619e-09,3.64e-06,4.214634185864745e-09
3.66e-06,3.852386770664209e-09,3.66e-06,3.956186831089582e-09,3.66e-06,4.054521437339072e-09,3.66e-06,4.237686569004611e-09
3.68e-06,3.87443087413124e-09,3.68e-06,3.978747930389661e-09,3.68e-06,4.077366827998755e-09,3.68e-06,4.260471205271993e-09
3.7e-06,3.895703836976857e-09,3.7e-06,4.000709709282447e-09,3.7e-06,4.099735841652424e-09,3.7e-06,4.284208846081774e-09
3.72e-06,3.916623453795932e-09,3.72e-06,4.022348096255117e-09,3.72e-06,4.122003752907398e-09,3.72e-06,4.308206364037067e-09
3.74e-06,3.938805854025484e-09,3.74e-06,4.044720331333872e-09,3.74e-06,4.144712602211995e-09,3.74e-06,4.33096804981323e-09
3.76e-06,3.960225873619974e-09,3.76e-06,4.066896152110017e-09,3.76e-06,4.167957494845249e-09,3.76e-06,4.354230233592377e-09
3.78e-06,3.981874939922737e-09,3.78e-06,4.088936510873547e-09,3.78e-06,4.190274672677429e-09,3.78e-06,4.377722494692585e-09
3.8e-06,4.003471760201739e-09,3.8e-06,4.110835324796033e-09,3.8e-06,4.212875144080762e-09,3.8e-06,4.401241504333488e-09
3.82e-06,4.02506305871965e-09,3.82e-06,4.132820177337587e-09,3.82e-06,4.23525580783668e-09,3.82e-06,4.424583003857727e-09
3.84e-06,4.046462410150229e-09,3.84e-06,4.154577063183029e-09,3.84e-06,4.257393355420461e-09,3.84e-06,4.447995443828038e-09
3.86e-06,4.068072310164641e-09,3.86e-06,4.176904473809346e-09,3.86e-06,4.279405676367872e-09,3.86e-06,4.471030317729934e-09
3.88e-06,4.089482937295466e-09,3.88e-06,4.199055340908957e-09,3.88e-06,4.302498396248581e-09,3.88e-06,4.494484866976876e-09
3.9e-06,4.111014948766653e-09,3.9e-06,4.220866558866243e-09,3.9e-06,4.324968099290105e-09,3.9e-06,4.517588299038219e-09
3.92e-06,4.132731020016856e-09,3.92e-06,4.243041094844062e-09,3.92e-06,4.347265685595016e-09,3.92e-06,4.541448299319763e-09
3.94e-06,4.154126336326766e-09,3.94e-06,4.264960642652875e-09,3.94e-06,4.369965220523284e-09,3.94e-06,4.563704787174525e-09
3.96e-06,4.175694992306204e-09,3.96e-06,4.287131555297725e-09,3.96e-06,4.392370534577363e-09,3.96e-06,4.587456515341636e-09
3.98e-06,4.197022043132763e-09,3.98e-06,4.308734844518599e-09,3.98e-06,4.414635854476006e-09,3.98e-06,4.610228020100849e-09
4e-06,4.218577648648057e-09,4e-06,4.331111484745107e-09,4e-06,4.437206259005169e-09,4e-06,4.634470545264737e-09
4.02e-06,4.240020987266381e-09,4.02e-06,4.352762291789585e-09,4.02e-06,4.459884182420437e-09,4.02e-06,4.657317135572532e-09
4.04e-06,4.2621623258707e-09,4.04e-06,4.374663508260967e-09,4.04e-06,4.48212941914887e-09,4.04e-06,4.680434010293383e-09
4.06e-06,4.283487269319983e-09,4.06e-06,4.396798271651352e-09,4.06e-06,4.504661691422218e-09,4.06e-06,4.704155358264133e-09
4.08e-06,4.305268718419211e-09,4.08e-06,4.418881826386407e-09,4.08e-06,4.527116723671337e-09,4.08e-06,4.726965292891702e-09
4.1e-06,4.326102776073388e-09,4.1e-06,4.441280622483559e-09,4.1e-06,4.549251242713903e-09,4.1e-06,4.74981887115113e-09
4.12e-06,4.347882757008554e-09,4.12e-06,4.462826043614523e-09,4.12e-06,4.572308508804967e-09,4.12e-06,4.773339106418255e-09
4.14e-06,4.369211681802953e-09,4.14e-06,4.48460876205445e-09,4.14e-06,4.594188307250647e-09,4.14e-06,4.796789691696549e-09
4.16e-06,4.390615393823684e-09,4.16e-06,4.506652293527049e-09,4.16e-06,4.616564129269082e-09,4.16e-06,4.820275400862388e-09
4.18e-06,4.412174017806713e-09,4.18e-06,4.528865698145772e-09,4.18e-06,4.638878997520982e-09,4.18e-06,4.843049371578594e-09
4.2e-06,4.43383916163527e-09,4.2e-06,4.55081290044144e-09,4.2e-06,4.661362386320947e-09,4.2e-06,4.86705961357143e-09
4.22e-06,4.455284163047022e-09,4.22e-06,4.57255963325618e-09,4.22e-06,4.684056169810192e-09,4.22e-06,4.890079541906586e-09
4.24e-06,4.477001758019142e-09,4.24e-06,4.594929722437584e-09,4.24e-06,4.706632112882893e-09,4.24e-06,4.913318098307662e-09
4.26e-06,4.497977574675435e-09,4.26e-06,4.616952533980654e-09,4.26e-06,4.729164969628718e-09,4.26e-06,4.936381714573842e-09
4.28e-06,4.519922458420408e-09,4.28e-06,4.638499967197043e-09,4.28e-06,4.751163171344839e-09,4.28e-06,4.96022639380093e-09
4.3e-06,4.541464918548682e-09,4.3e-06,4.660963928817587e-09,4.3e-06,4.77324081627222e-09,4.3e-06,4.983302361995755e-09
4.32e-06,4.563080277281806e-09,4.32e-06,4.682566160216106e-09,4.32e-06,4.796174669710672e-09,4.32e-06,5.006243443860857e-09
4.34e-06,4.584421299476047e-09,4.34e-06,4.704404923608622e-09,4.34e-06,4.818570460448341e-09,4.34e-06,5.029592944892546e-09
4.36e-06,4.605967956502195e-09,4.36e-06,4.726937376236757e-09,4.36e-06,4.84095225536208e-09,4.36e-06,5.053152311202992e-09
4.38e-06,4.627425241462176e-09,4.38e-06,4.74841734247957e-09,4.38e-06,4.863549277051412e-09,4.38e-06,5.07589077125269e-09
4.4e-06,4.648915813513174e-09,4.4e-06,4.770245791948018e-09,4.4e-06,4.885742409508849e-09,4.4e-06,5.100154289235256e-09
4.42e-06,4.669923771149444e-09,4.42e-06,4.792192461460097e-09,4.42e-06,4.907957819721612e-09,4.42e-06,5.122885745638435e-09
4.44e-06,4.691373413171649e-09,4.44e-06,4.814238831494268e-09,4.44e-06,4.930508660661063e-09,4.44e-06,5.146204700937882e-09
4.46e-06,4.712690344052679e-09,4.46e-06,4.83596509159452e-09,4.46e-06,4.953138401732353e-09,4.46e-06,5.168899118792801e-09
4.48e-06,4.734818931963057e-09,4.48e-06,4.858243729231193e-09,4.48e-06,4.976090994623332e-09,4.48e-06,5.19257234664405e-09
4.5e-06,4.756291268357286e-09,4.5e-06,4.879981228202761e-09,4.5e-06,4.997561067868169e-09,4.5e-06,5.215678364397014e-09
4.52e-06,4.777834275106153e-09,4.52e-06,4.902104764869482e-09,4.52e-06,5.020101346291766e-09,4.52e-06,5.239081348468965e-09
4.54e-06,4.799112676040885e-09,4.54e-06,4.924274437663811e-09,4.54e-06,5.042400839719512e-09,4.54e-06,5.261614715907102e-09
4.56e-06,4.820458419701872e-09,4.56e-06,4.94637950113475e-09,4.56e-06,5.065147445713731e-09,4.56e-06,5.285319702789831e-09
4.58e-06,4.842116852594433e-09,4.58e-06,4.968146912074462e-09,4.58e-06,5.087269698049611e-09,4.58e-06,5.308281076677353e-09
4.6e-06,4.863531751089242e-09,4.6e-06,4.990091976257934e-09,4.6e-06,5.110057296695087e-09,4.6e-06,5.332071082977873e-09
4.62e-06,4.884779320980623e-09,4.62e-06,5.011989879347507e-09,4.62e-06,5.13262635942504e-09,4.62e-06,5.354758997585269e-09
4.64e-06,4.906346687530332e-09,4.64e-06,5.03395041659773e-09,4.64e-06,5.154543820415054e-09,4.64e-06,5.378029991408576e-09
4.66e-06,4.927774702957373e-09,4.66e-06,5.055809542571501e-09,4.66e-06,5.177086289037569e-09,4.66e-06,5.402292657425482e-09
4.68e-06,4.949243032951308e-09,4.68e-06,5.077781774574135e-09,4.68e-06,5.199784299930994e-09,4.68e-06,5.424595366826452e-09
4.7e-06,4.970711719793651e-09,4.7e-06,5.099553322398545e-09,4.7e-06,5.222031285144809e-09,4.7e-06,5.448187970328877e-09
4.72e-06,4.992072553324806e-09,4.72e-06,5.121567042064192e-09,4.72e-06,5.243925065088662e-09,4.72e-06,5.470898759290335e-09
4.74e-06,5.013353136085169e-09,4.74e-06,5.143381435090935e-09,4.74e-06,5.266176487884604e-09,4.74e-06,5.494322375537421e-09
4.76e-06,5.035143259900886e-09,4.76e-06,5.165469122829584e-09,4.76e-06,5.289073015285848e-09,4.76e-06,5.517690644892073e-09
4.78e-06,5.05630221944391e-09,4.78e-06,5.187238484154259e-09,4.78e-06,5.309944459596364e-09,4.78e-06,5.541016723494019e-09
4.8e-06,5.077776914631357e-09,4.8e-06,5.20920779274276e-09,4.8e-06,5.333659467907898e-09,4.8e-06,5.564238518662378e-09
4.82e-06,5.099120986391661e-09,4.82e-06,5.231154306253723e-09,4.82e-06,5.355895398497564e-09,4.82e-06,5.587483068605762e-09
4.84e-06,5.120578265824602e-09,4.84e-06,5.253052370002832e-09,4.84e-06,5.378763059526137e-09,4.84e-06,5.610875965854133e-09
4.86e-06,5.141958084842921e-09,4.86e-06,5.274818030163613e-09,4.86e-06,5.400335379006448e-09,4.86e-06,5.633318874983247e-09
4.88e-06,5.163411589108763e-09,4.88e-06,5.296839201318036e-09,4.88e-06,5.423078586705037e-09,4.88e-06,5.657290928785791e-09
4.9e-06,5.184535606688647e-09,4.9e-06,5.318724779477635e-09,4.9e-06,5.44502146133152e-09,4.9e-06,5.680390772402938e-09
4.919999999999999e-06,5.206201547287815e-09,4.919999999999999e-06,5.340721210653358e-09,4.919999999999999e-06,5.467307968905285e-09,4.919999999999999e-06,5.703743470788093e-09
4.94e-06,5.227632210130831e-09,4.94e-06,5.362403721485171e-09,4.94e-06,5.4902994608478e-09,4.94e-06,5.726825603989843e-09
4.96e-06,5.249049654716836e-09,4.96e-06,5.384353686758355e-09,4.96e-06,5.512899364401867e-09,4.96e-06,5.750160112997574e-09
4.98e-06,5.270886892270561e-09,4.98e-06,5.406145052530695e-09,4.98e-06,5.533724393742139e-09,4.98e-06,5.773592490147097e-09
5e-06,5.291742967096076e-09,5e-06,5.428319613162591e-09,5e-06,5.557363248625881e-09,5e-06,5.796498997829334e-09
5.02e-06,5.313225613223892e-09,5.02e-06,5.44993213868372e-09,5.02e-06,5.579153302399054e-09,5.02e-06,5.819282404005738e-09
5.04e-06,5.334738041043335e-09,5.04e-06,5.472217865721774e-09,5.04e-06,5.600903021090931e-09,5.04e-06,5.842595173885037e-09
5.06e-06,5.356047117934567e-09,5.06e-06,5.493438776422518e-09,5.06e-06,5.622851535078079e-09,5.06e-06,5.865657384471026e-09
5.08e-06,5.377561767292152e-09,5.08e-06,5.515804896362502e-09,5.08e-06,5.645554487653233e-09,5.08e-06,5.888970869255404e-09
5.099999999999999e-06,5.398834838876858e-09,5.099999999999999e-06,5.537398631838617e-09,5.099999999999999e-06,5.668738359395638e-09,5.099999999999999e-06,5.911754636159923e-09
5.12e-06,5.420056974272085e-09,5.12e-06,5.559643040623433e-09,5.12e-06,5.689821814264037e-09,5.12e-06,5.93500856301148e-09
5.14e-06,5.44119441136858e-09,5.14e-06,5.58116171213997e-09,5.14e-06,5.712442517826156e-09,5.14e-06,5.957457823850123e-09
5.16e-06,5.463037252330654e-09,5.16e-06,5.603113546256006e-09,5.16e-06,5.735850372177153e-09,5.16e-06,5.981375558426784e-09
5.18e-06,5.484102582361482e-09,5.18e-06,5.624836763314485e-09,5.18e-06,5.757727311240604e-09,5.18e-06,6.005337488383899e-09
5.2e-06,5.505572007951492e-09,5.2e-06,5.647083217586921e-09,5.2e-06,5.78049261451616e-09,5.2e-06,6.028184981568606e-09
5.22e-06,5.527147852445979e-09,5.22e-06,5.66868299782906e-09,5.22e-06,5.803087915222814e-09,5.22e-06,6.051045183898169e-09
5.24e-06,5.547285788485768e-09,5.24e-06,5.690397134460366e-09,5.24e-06,5.825534090038223e-09,5.24e-06,6.075057237343368e-09
5.26e-06,5.569398299835166e-09,5.26e-06,5.712132874894078e-09,5.26e-06,5.846885063822114e-09,5.26e-06,6.097879875565947e-09
5.279999999999999e-06,5.591230407967789e-09,5.279999999999999e-06,5.734378756586767e-09,5.279999999999999e-06,5.869899744059082e-09,5.279999999999999e-06,6.120731091463005e-09
5.3e-06,5.612359644038106e-09,5.3e-06,5.75611472290644e-09,5.3e-06,5.892100308072412e-09,5.3e-06,6.143680561970987e-09
5.32e-06,5.634332471283391e-09,5.32e-06,5.778080937719456e-09,5.32e-06,5.914460268966443e-09,5.32e-06,6.16705095811903e-09
5.34e-06,5.65506076767068e-09,5.34e-06,5.799840314628119e-09,5.34e-06,5.936683020914933e-09,5.34e-06,6.189544898778282e-09
5.36e-06,5.677041219740508e-09,5.36e-06,5.821691141132547e-09,5.36e-06,5.959007179165773e-09,5.36e-06,6.212832540106506e-09
5.38e-06,5.69819024437716e-09,5.38e-06,5.843685742148171e-09,5.38e-06,5.981221880865691e-09,5.38e-06,6.236264978713738e-09
5.4e-06,5.719431962484149e-09,5.4e-06,5.865614882846521e-09,5.4e-06,6.003632582267321e-09,5.4e-06,6.259435803239817e-09
5.42e-06,5.740903771945645e-09,5.42e-06,5.88749588720924e-09,5.42e-06,6.025999675942537e-09,5.42e-06,6.281651553806176e-09
5.44e-06,5.761884804557961e-09,5.44e-06,5.909431611901488e-09,5.44e-06,6.048212213578033e-09,5.44e-06,6.305946808426792e-09
5.46e-06,5.78363598494752e-09,5.46e-06,5.931201235781982e-09,5.46e-06,6.070367914240701e-09,5.46e-06,6.329200445758287e-09
5.48e-06,5.805050534627374e-09,5.48e-06,5.953163549757015e-09,5.48e-06,6.091088347318246e-09,5.48e-06,6.353403137617465e-09
5.5e-06,5.825954034468048e-09,5.5e-06,5.974876040518546e-09,5.5e-06,6.114950592889107e-09,5.5e-06,6.374284442546875e-09
5.52e-06,5.847851268828658e-09,5.52e-06,5.996961513877889e-09,5.52e-06,6.137538306341933e-09,5.52e-06,6.397520269254786e-09
5.539999999999999e-06,5.868734338978454e-09,5.539999999999999e-06,6.01850173189451e-09,5.539999999999999e-06,6.159059760365337e-09,5.539999999999999e-06,6.420663651113618e-09
5.56e-06,5.890576663693567e-09,5.56e-06,6.040633336290636e-09,5.56e-06,6.181950152201298e-09,5.56e-06,6.445072551553898e-09
5.58e-06,5.911807403378663e-09,5.58e-06,6.06184673427823e-09,5.58e-06,6.204188199765952e-09,5.58e-06,6.467004447801355e-09
5.6e-06,5.933174523410583e-09,5.6e-06,6.08422872729912e-09,5.6e-06,6.226510537190399e-09,5.6e-06,6.491447599336398e-09
5.62e-06,5.954474167213689e-09,5.62e-06,6.105475192806535e-09,5.62e-06,6.248687958307475e-09,5.62e-06,6.514499184545251e-09
5.64e-06,5.975926323684302e-09,5.64e-06,6.12781098226342e-09,5.64e-06,6.271052845966757e-09,5.64e-06,6.537739616399253e-09
5.66e-06,5.99713916796745e-09,5.66e-06,6.14953038065452e-09,5.66e-06,6.293481083927618e-09,5.66e-06,6.559118615893662e-09
5.68e-06,6.018597579603161e-09,5.68e-06,6.171586172352544e-09,5.68e-06,6.315621519158251e-09,5.68e-06,6.583271126475876e-09
5.7e-06,6.040000307679135e-09,5.7e-06,6.193192207339324e-09,5.7e-06,6.338018218234104e-09,5.7e-06,6.606126653973505e-09
5.719999999999999e-06,6.06148016424297e-09,5.719999999999999e-06,6.215131407508975e-09,5.719999999999999e-06,6.360140752757832e-09,5.719999999999999e-06,6.630284028488898e-09
5.74e-06,6.082708187591928e-09,5.74e-06,6.236357616024073e-09,5.74e-06,6.382534496846426e-09,5.74e-06,6.653241966037669e-09
5.76e-06,6.103985001059385e-09,5.76e-06,6.258326156835783e-09,5.76e-06,6.404587217571217e-09,5.76e-06,6.675997947687554e-09
5.78e-06,6.125194423170756e-09,5.78e-06,6.28077209177708e-09,5.78e-06,6.42609261093164e-09,5.78e-06,6.697947551700276e-09
5.8e-06,6.146643500592409e-09,5.8e-06,6.302486917507126e-09,5.8e-06,6.449100227342046e-09,5.8e-06,6.722700371557168e-09
5.82e-06,6.16785872948727e-09,5.82e-06,6.324133643020263e-09,5.82e-06,6.472194236047414e-09,5.82e-06,6.744144864668852e-09
5.84e-06,6.189306401725118e-09,5.84e-06,6.346022239945194e-09,5.84e-06,6.494635714171701e-09,5.84e-06,6.769207865117731e-09
5.86e-06,6.210520627575497e-09,5.86e-06,6.36777355438594e-09,5.86e-06,6.516352423115038e-09,5.86e-06,6.790541372466731e-09
5.88e-06,6.231945994602537e-09,5.88e-06,6.389680901441875e-09,5.88e-06,6.538597943650485e-09,5.88e-06,6.814797453713911e-09
5.9e-06,6.253134077515953e-09,5.9e-06,6.411810120832249e-09,5.9e-06,6.560806663891743e-09,5.9e-06,6.836582217413653e-09
5.92e-06,6.274560450645298e-09,5.92e-06,6.433245253330056e-09,5.92e-06,6.583077525682266e-09,5.92e-06,6.861242334384691e-09
5.94e-06,6.295759310308948e-09,5.94e-06,6.454813325373787e-09,5.94e-06,6.605779187312824e-09,5.94e-06,6.882857544002689e-09
5.96e-06,6.317213035084672e-09,5.96e-06,6.476868198846054e-09,5.96e-06,6.62597589161231e-09,5.96e-06,6.907723209651144e-09
5.979999999999999e-06,6.338422138498977e-09,5.979999999999999e-06,6.499135189783417e-09,5.979999999999999e-06,6.649810367647827e-09,5.979999999999999e-06,6.929062843994051e-09
6e-06,6.359882489600077e-09,6e-06,6.520436896903124e-09,6e-06,6.672204130102521e-09,6e-06,6.95364278414514e-09
6.02e-06,6.381093303014406e-09,6.02e-06,6.54243331095669e-09,6.02e-06,6.694251445366119e-09,6.02e-06,6.975197789605192e-09
6.04e-06,6.402601321634944e-09,6.04e-06,6.564658922986319e-09,6.04e-06,6.716776352613426e-09,6.04e-06,7.000055351806785e-09
6.06e-06,6.423757403857788e-09,6.06e-06,6.586373919207026e-09,6.06e-06,6.738578536324386e-09,6.06e-06,7.023873418101326e-09
6.08e-06,6.445893612808031e-09,6.08e-06,6.608312634974274e-09,6.08e-06,6.761919390716721e-09,6.08e-06,7.046708017626859e-09
6.1e-06,6.46643192389985e-09,6.1e-06,6.62889303906803e-09,6.1e-06,6.784139625076799e-09,6.1e-06,7.070067934736505e-09
