"delay (modelFiles=toplevel.scs:top_tt,Vdd=0.88,temperature=-55) X","delay (modelFiles=toplevel.scs:top_tt,Vdd=0.88,temperature=-55) Y","delay (modelFiles=toplevel.scs:top_tt,Vdd=0.88,temperature=27) X","delay (modelFiles=toplevel.scs:top_tt,Vdd=0.88,temperature=27) Y","delay (modelFiles=toplevel.scs:top_tt,Vdd=0.88,temperature=125) X","delay (modelFiles=toplevel.scs:top_tt,Vdd=0.88,temperature=125) Y","delay (modelFiles=toplevel.scs:top_tt,Vdd=1.1,temperature=-55) X","delay (modelFiles=toplevel.scs:top_tt,Vdd=1.1,temperature=-55) Y","delay (modelFiles=toplevel.scs:top_tt,Vdd=1.1,temperature=27) X","delay (modelFiles=toplevel.scs:top_tt,Vdd=1.1,temperature=27) Y","delay (modelFiles=toplevel.scs:top_tt,Vdd=1.1,temperature=125) X","delay (modelFiles=toplevel.scs:top_tt,Vdd=1.1,temperature=125) Y","delay (modelFiles=toplevel.scs:top_tt,Vdd=1.32,temperature=-55) X","delay (modelFiles=toplevel.scs:top_tt,Vdd=1.32,temperature=-55) Y","delay (modelFiles=toplevel.scs:top_tt,Vdd=1.32,temperature=27) X","delay (modelFiles=toplevel.scs:top_tt,Vdd=1.32,temperature=27) Y","delay (modelFiles=toplevel.scs:top_tt,Vdd=1.32,temperature=125) X","delay (modelFiles=toplevel.scs:top_tt,Vdd=1.32,temperature=125) Y","delay (modelFiles=toplevel.scs:top_ss,Vdd=0.88,temperature=-55) X","delay (modelFiles=toplevel.scs:top_ss,Vdd=0.88,temperature=-55) Y","delay (modelFiles=toplevel.scs:top_ss,Vdd=0.88,temperature=27) X","delay (modelFiles=toplevel.scs:top_ss,Vdd=0.88,temperature=27) Y","delay (modelFiles=toplevel.scs:top_ss,Vdd=0.88,temperature=125) X","delay (modelFiles=toplevel.scs:top_ss,Vdd=0.88,temperature=125) Y","delay (modelFiles=toplevel.scs:top_ss,Vdd=1.1,temperature=-55) X","delay (modelFiles=toplevel.scs:top_ss,Vdd=1.1,temperature=-55) Y","delay (modelFiles=toplevel.scs:top_ss,Vdd=1.1,temperature=27) X","delay (modelFiles=toplevel.scs:top_ss,Vdd=1.1,temperature=27) Y","delay (modelFiles=toplevel.scs:top_ss,Vdd=1.1,temperature=125) X","delay (modelFiles=toplevel.scs:top_ss,Vdd=1.1,temperature=125) Y","delay (modelFiles=toplevel.scs:top_ss,Vdd=1.32,temperature=-55) X","delay (modelFiles=toplevel.scs:top_ss,Vdd=1.32,temperature=-55) Y","delay (modelFiles=toplevel.scs:top_ss,Vdd=1.32,temperature=27) X","delay (modelFiles=toplevel.scs:top_ss,Vdd=1.32,temperature=27) Y","delay (modelFiles=toplevel.scs:top_ss,Vdd=1.32,temperature=125) X","delay (modelFiles=toplevel.scs:top_ss,Vdd=1.32,temperature=125) Y","delay (modelFiles=toplevel.scs:top_sf,Vdd=0.88,temperature=-55) X","delay (modelFiles=toplevel.scs:top_sf,Vdd=0.88,temperature=-55) Y","delay (modelFiles=toplevel.scs:top_sf,Vdd=0.88,temperature=27) X","delay (modelFiles=toplevel.scs:top_sf,Vdd=0.88,temperature=27) Y","delay (modelFiles=toplevel.scs:top_sf,Vdd=0.88,temperature=125) X","delay (modelFiles=toplevel.scs:top_sf,Vdd=0.88,temperature=125) Y","delay (modelFiles=toplevel.scs:top_sf,Vdd=1.1,temperature=-55) X","delay (modelFiles=toplevel.scs:top_sf,Vdd=1.1,temperature=-55) Y","delay (modelFiles=toplevel.scs:top_sf,Vdd=1.1,temperature=27) X","delay (modelFiles=toplevel.scs:top_sf,Vdd=1.1,temperature=27) Y","delay (modelFiles=toplevel.scs:top_sf,Vdd=1.1,temperature=125) X","delay (modelFiles=toplevel.scs:top_sf,Vdd=1.1,temperature=125) Y","delay (modelFiles=toplevel.scs:top_sf,Vdd=1.32,temperature=-55) X","delay (modelFiles=toplevel.scs:top_sf,Vdd=1.32,temperature=-55) Y","delay (modelFiles=toplevel.scs:top_sf,Vdd=1.32,temperature=27) X","delay (modelFiles=toplevel.scs:top_sf,Vdd=1.32,temperature=27) Y","delay (modelFiles=toplevel.scs:top_sf,Vdd=1.32,temperature=125) X","delay (modelFiles=toplevel.scs:top_sf,Vdd=1.32,temperature=125) Y","delay (modelFiles=toplevel.scs:top_fs,Vdd=0.88,temperature=-55) X","delay (modelFiles=toplevel.scs:top_fs,Vdd=0.88,temperature=-55) Y","delay (modelFiles=toplevel.scs:top_fs,Vdd=0.88,temperature=27) X","delay (modelFiles=toplevel.scs:top_fs,Vdd=0.88,temperature=27) Y","delay (modelFiles=toplevel.scs:top_fs,Vdd=0.88,temperature=125) X","delay (modelFiles=toplevel.scs:top_fs,Vdd=0.88,temperature=125) Y","delay (modelFiles=toplevel.scs:top_fs,Vdd=1.1,temperature=-55) X","delay (modelFiles=toplevel.scs:top_fs,Vdd=1.1,temperature=-55) Y","delay (modelFiles=toplevel.scs:top_fs,Vdd=1.1,temperature=27) X","delay (modelFiles=toplevel.scs:top_fs,Vdd=1.1,temperature=27) Y","delay (modelFiles=toplevel.scs:top_fs,Vdd=1.1,temperature=125) X","delay (modelFiles=toplevel.scs:top_fs,Vdd=1.1,temperature=125) Y","delay (modelFiles=toplevel.scs:top_fs,Vdd=1.32,temperature=-55) X","delay (modelFiles=toplevel.scs:top_fs,Vdd=1.32,temperature=-55) Y","delay (modelFiles=toplevel.scs:top_fs,Vdd=1.32,temperature=27) X","delay (modelFiles=toplevel.scs:top_fs,Vdd=1.32,temperature=27) Y","delay (modelFiles=toplevel.scs:top_fs,Vdd=1.32,temperature=125) X","delay (modelFiles=toplevel.scs:top_fs,Vdd=1.32,temperature=125) Y","delay (modelFiles=toplevel.scs:top_ff,Vdd=0.88,temperature=-55) X","delay (modelFiles=toplevel.scs:top_ff,Vdd=0.88,temperature=-55) Y","delay (modelFiles=toplevel.scs:top_ff,Vdd=0.88,temperature=27) X","delay (modelFiles=toplevel.scs:top_ff,Vdd=0.88,temperature=27) Y","delay (modelFiles=toplevel.scs:top_ff,Vdd=0.88,temperature=125) X","delay (modelFiles=toplevel.scs:top_ff,Vdd=0.88,temperature=125) Y","delay (modelFiles=toplevel.scs:top_ff,Vdd=1.1,temperature=-55) X","delay (modelFiles=toplevel.scs:top_ff,Vdd=1.1,temperature=-55) Y","delay (modelFiles=toplevel.scs:top_ff,Vdd=1.1,temperature=27) X","delay (modelFiles=toplevel.scs:top_ff,Vdd=1.1,temperature=27) Y","delay (modelFiles=toplevel.scs:top_ff,Vdd=1.1,temperature=125) X","delay (modelFiles=toplevel.scs:top_ff,Vdd=1.1,temperature=125) Y","delay (modelFiles=toplevel.scs:top_ff,Vdd=1.32,temperature=-55) X","delay (modelFiles=toplevel.scs:top_ff,Vdd=1.32,temperature=-55) Y","delay (modelFiles=toplevel.scs:top_ff,Vdd=1.32,temperature=27) X","delay (modelFiles=toplevel.scs:top_ff,Vdd=1.32,temperature=27) Y","delay (modelFiles=toplevel.scs:top_ff,Vdd=1.32,temperature=125) X","delay (modelFiles=toplevel.scs:top_ff,Vdd=1.32,temperature=125) Y","delay (modelFiles=toplevel.scs:top_ttg_localmc,Vdd=1.1,temperature=-55) X","delay (modelFiles=toplevel.scs:top_ttg_localmc,Vdd=1.1,temperature=-55) Y"
6.000000000000001e-08,1.417500343014617e-08,6.000000000000001e-08,1.416818105038641e-08,6.000000000000001e-08,1.415908620371091e-08,6.000000000000001e-08,1.409293991122032e-08,6.000000000000001e-08,1.409692048566829e-08,6.000000000000001e-08,1.409937168743602e-08,6.000000000000001e-08,1.406091444738747e-08,6.000000000000001e-08,1.406674106293557e-08,6.000000000000001e-08,1.407141393570572e-08,6.000000000000001e-08,1.4261583865637e-08,6.000000000000001e-08,1.424051137515283e-08,6.000000000000001e-08,1.422234354764357e-08,6.000000000000001e-08,1.412913262668075e-08,6.000000000000001e-08,1.413120243984203e-08,6.000000000000001e-08,1.413117346311908e-08,6.000000000000001e-08,1.40810891565854e-08,6.000000000000001e-08,1.408630069064741e-08,6.000000000000001e-08,1.409072888387812e-08,6.000000000000001e-08,1.416928278175008e-08,6.000000000000001e-08,1.416589364213027e-08,6.000000000000001e-08,1.415887991968631e-08,6.000000000000001e-08,1.410278643395425e-08,6.000000000000001e-08,1.410593001250822e-08,6.000000000000001e-08,1.410758405060344e-08,6.000000000000001e-08,1.407402619867247e-08,6.000000000000001e-08,1.407901760400217e-08,6.000000000000001e-08,1.408301336056905e-08,6.000000000000001e-08,1.419062293626868e-08,6.000000000000001e-08,1.417588181733259e-08,6.000000000000001e-08,1.416292999713905e-08,6.000000000000001e-08,1.408363950756515e-08,6.000000000000001e-08,1.408863593918021e-08,6.000000000000001e-08,1.409188652884918e-08,6.000000000000001e-08,1.40477621376224e-08,6.000000000000001e-08,1.405450566828864e-08,6.000000000000001e-08,1.406007420679279e-08,6.000000000000001e-08,1.411580026311647e-08,6.000000000000001e-08,1.411701087863418e-08,6.000000000000001e-08,1.411551082554077e-08,6.000000000000001e-08,1.406643038234668e-08,6.000000000000001e-08,1.407239110896996e-08,6.000000000000001e-08,1.407634427611146e-08,6.000000000000001e-08,1.404582116361777e-08,6.000000000000001e-08,1.405125866821262e-08,6.000000000000001e-08,1.405644334407643e-08,6.000000000000001e-08,1.409293991122032e-08
8e-08,1.417590124321677e-08,8e-08,1.416933221059802e-08,8e-08,1.41605145643279e-08,8e-08,1.409362895761347e-08,8e-08,1.409779902167658e-08,8e-08,1.41004797520463e-08,8e-08,1.40615136984854e-08,8e-08,1.406750829040124e-08,8e-08,1.407238481018558e-08,8e-08,1.426254495992502e-08,8e-08,1.424172090785147e-08,8e-08,1.422385941754702e-08,8e-08,1.412988303647333e-08,8e-08,1.413214906265696e-08,8e-08,1.413231851728784e-08,8e-08,1.408171549568838e-08,8e-08,1.408707779969445e-08,8e-08,1.4091709122734e-08,8e-08,1.417032820119221e-08,8e-08,1.416711080974876e-08,8e-08,1.416039388868079e-08,8e-08,1.410350353836643e-08,8e-08,1.410683425303702e-08,8e-08,1.410874287431282e-08,8e-08,1.407465111800171e-08,8e-08,1.407980466315118e-08,8e-08,1.40839664516355e-08,8e-08,1.41914653087273e-08,8e-08,1.417697922806513e-08,8e-08,1.41643111044601e-08,8e-08,1.408426991001706e-08,8e-08,1.408946299012546e-08,8e-08,1.409296821813157e-08,8e-08,1.404833983659827e-08,8e-08,1.40552491093048e-08,8e-08,1.406103810634499e-08,8e-08,1.41165960837466e-08,8e-08,1.411806295524796e-08,8e-08,1.411686602330784e-08,8e-08,1.406707472649595e-08,8e-08,1.407324291780089e-08,8e-08,1.407744758369521e-08,8e-08,1.404642125963102e-08,8e-08,1.405202045713843e-08,8e-08,1.405731930224817e-08,8e-08,1.409362895761347e-08
1e-07,1.417680105983085e-08,1e-07,1.417045842976722e-08,1e-07,1.416193467442727e-08,1e-07,1.409429598544868e-08,1e-07,1.409863862219934e-08,1e-07,1.410157178096044e-08,1e-07,1.406209768073966e-08,1e-07,1.406825520697031e-08,1e-07,1.407333496520897e-08,1e-07,1.426352677900845e-08,1e-07,1.424297554673686e-08,1e-07,1.422540484116193e-08,1e-07,1.413060660316138e-08,1e-07,1.413304687721883e-08,1e-07,1.413343717423436e-08,1e-07,1.408232932825046e-08,1e-07,1.408784338253642e-08,1e-07,1.409266681850957e-08,1e-07,1.417133912578654e-08,1e-07,1.416836335476668e-08,1e-07,1.416187429974479e-08,1e-07,1.410420706445113e-08,1e-07,1.41077330358473e-08,1e-07,1.410987297219027e-08,1e-07,1.407526021187155e-08,1e-07,1.408057337932343e-08,1e-07,1.40849100168153e-08,1e-07,1.419231317769642e-08,1e-07,1.417805865687433e-08,1e-07,1.416566135973623e-08,1e-07,1.408490161064306e-08,1e-07,1.409027910484016e-08,1e-07,1.409402520770159e-08,1e-07,1.404891062018215e-08,1e-07,1.405597290626819e-08,1e-07,1.406197659327787e-08,1e-07,1.411738945356951e-08,1e-07,1.411907984250776e-08,1e-07,1.411820897881559e-08,1e-07,1.406769995581015e-08,1e-07,1.407407744487759e-08,1e-07,1.407853596232245e-08,1e-07,1.404700823107973e-08,1e-07,1.405276030462701e-08,1e-07,1.405819615889729e-08,1e-07,1.409429598544868e-08
1.2e-07,1.417773999307046e-08,1.2e-07,1.417161054190144e-08,1.2e-07,1.416332830486744e-08,1.2e-07,1.409495620921688e-08,1.2e-07,1.409948742816773e-08,1.2e-07,1.410263556366946e-08,1.2e-07,1.406266926657854e-08,1.2e-07,1.406898709419087e-08,1.2e-07,1.407428255643994e-08,1.2e-07,1.426454961614399e-08,1.2e-07,1.42442868954729e-08,1.2e-07,1.422687312877517e-08,1.2e-07,1.413134283061032e-08,1.2e-07,1.413395989598892e-08,1.2e-07,1.413456599580402e-08,1.2e-07,1.408293721183752e-08,1.2e-07,1.408858611286405e-08,1.2e-07,1.409360508764971e-08,1.2e-07,1.4172365370856e-08,1.2e-07,1.416955249598565e-08,1.2e-07,1.416335839613462e-08,1.2e-07,1.410490076561985e-08,1.2e-07,1.410861459930699e-08,1.2e-07,1.411098862448521e-08,1.2e-07,1.407585259175833e-08,1.2e-07,1.408132333697982e-08,1.2e-07,1.408584046779458e-08,1.2e-07,1.419315576391401e-08,1.2e-07,1.417911529002854e-08,1.2e-07,1.416699600220801e-08,1.2e-07,1.408552558403879e-08,1.2e-07,1.409108077221789e-08,1.2e-07,1.409506922040764e-08,1.2e-07,1.404945817965949e-08,1.2e-07,1.40566827976325e-08,1.2e-07,1.406289868479699e-08,1.2e-07,1.41181799578532e-08,1.2e-07,1.412011338645018e-08,1.2e-07,1.41195119735722e-08,1.2e-07,1.406832324084259e-08,1.2e-07,1.407489522877218e-08,1.2e-07,1.407960355816495e-08,1.2e-07,1.404757769286588e-08,1.2e-07,1.405349591362699e-08,1.2e-07,1.405907173053045e-08,1.2e-07,1.409495620921688e-08
1.4e-07,1.417866311478456e-08,1.4e-07,1.417277066642243e-08,1.4e-07,1.416472461024637e-08,1.4e-07,1.409561041281828e-08,1.4e-07,1.410030443530681e-08,1.4e-07,1.410369844382594e-08,1.4e-07,1.406322821019185e-08,1.4e-07,1.406970199837418e-08,1.4e-07,1.407519348550349e-08,1.4e-07,1.426565580657069e-08,1.4e-07,1.424558089417e-08,1.4e-07,1.422840913410227e-08,1.4e-07,1.413209284284484e-08,1.4e-07,1.413487198859907e-08,1.4e-07,1.413567213186508e-08,1.4e-07,1.408354064038953e-08,1.4e-07,1.408931777783598e-08,1.4e-07,1.409452692818843e-08,1.4e-07,1.417340045698649e-08,1.4e-07,1.417080386824871e-08,1.4e-07,1.416479813544312e-08,1.4e-07,1.410558756043341e-08,1.4e-07,1.410947941531202e-08,1.4e-07,1.41120824537727e-08,1.4e-07,1.407643605066185e-08,1.4e-07,1.408205941265441e-08,1.4e-07,1.408676041393378e-08,1.4e-07,1.419400497953226e-08,1.4e-07,1.418018491654143e-08,1.4e-07,1.416831771572351e-08,1.4e-07,1.408615035331146e-08,1.4e-07,1.409187796446923e-08,1.4e-07,1.40960964905149e-08,1.4e-07,1.404999882824161e-08,1.4e-07,1.405737649265142e-08,1.4e-07,1.406380326779089e-08,1.4e-07,1.411896478981501e-08,1.4e-07,1.4121102118132e-08,1.4e-07,1.412079223735582e-08,1.4e-07,1.40689280533155e-08,1.4e-07,1.407569905612697e-08,1.4e-07,1.408065465981143e-08,1.4e-07,1.404813541593744e-08,1.4e-07,1.405421609360173e-08,1.4e-07,1.405994531921485e-08,1.4e-07,1.409561041281828e-08
1.6e-07,1.41796035090148e-08,1.6e-07,1.417388444222237e-08,1.6e-07,1.416609753288414e-08,1.6e-07,1.409625819122739e-08,1.6e-07,1.410112824128005e-08,1.6e-07,1.410474470164739e-08,1.6e-07,1.406377596358919e-08,1.6e-07,1.407041027208827e-08,1.6e-07,1.407609999895211e-08,1.6e-07,1.426674473221076e-08,1.6e-07,1.424687354302075e-08,1.6e-07,1.42299251928582e-08,1.6e-07,1.413282349863386e-08,1.6e-07,1.413574590287447e-08,1.6e-07,1.413674692582527e-08,1.6e-07,1.40841112789841e-08,1.6e-07,1.409003740978657e-08,1.6e-07,1.409543243705646e-08,1.6e-07,1.41744535623072e-08,1.6e-07,1.417201436918907e-08,1.6e-07,1.416626261993863e-08,1.6e-07,1.410626546078912e-08,1.6e-07,1.411032784588617e-08,1.6e-07,1.411316634181726e-08,1.6e-07,1.407699810433724e-08,1.6e-07,1.408278824339647e-08,1.6e-07,1.408767037115484e-08,1.6e-07,1.419487606328817e-08,1.6e-07,1.418129111170064e-08,1.6e-07,1.416961277142803e-08,1.6e-07,1.408677137153757e-08,1.6e-07,1.409266830208891e-08,1.6e-07,1.409710833639196e-08,1.6e-07,1.405053834236024e-08,1.6e-07,1.405806964398532e-08,1.6e-07,1.406469794314869e-08,1.6e-07,1.41197587697481e-08,1.6e-07,1.412211317957796e-08,1.6e-07,1.412205623184047e-08,1.6e-07,1.406953685102955e-08,1.6e-07,1.407649292419841e-08,1.6e-07,1.408168689283412e-08,1.6e-07,1.404868188871163e-08,1.6e-07,1.405492963384299e-08,1.6e-07,1.406081396569805e-08,1.6e-07,1.409625819122739e-08
1.8e-07,1.41805513169313e-08,1.8e-07,1.417504388708224e-08,1.8e-07,1.416746134169562e-08,1.8e-07,1.409690612218751e-08,1.8e-07,1.41019184915863e-08,1.8e-07,1.410578553551246e-08,1.8e-07,1.40643222888457e-08,1.8e-07,1.407110821716016e-08,1.8e-07,1.407699442368571e-08,1.8e-07,1.426789275041668e-08,1.8e-07,1.424824807280413e-08,1.8e-07,1.423145280960375e-08,1.8e-07,1.413355891624244e-08,1.8e-07,1.413661559165336e-08,1.8e-07,1.413784241424489e-08,1.8e-07,1.408469777612227e-08,1.8e-07,1.409075580072735e-08,1.8e-07,1.409633073609366e-08,1.8e-07,1.417550801361556e-08,1.8e-07,1.417322559346438e-08,1.8e-07,1.416767787695804e-08,1.8e-07,1.410693236241837e-08,1.8e-07,1.41111708276342e-08,1.8e-07,1.411423095946161e-08,1.8e-07,1.407756498679764e-08,1.8e-07,1.408351353345662e-08,1.8e-07,1.408857279242876e-08,1.8e-07,1.419576615568144e-08,1.8e-07,1.418236316699914e-08,1.8e-07,1.417094218362748e-08,1.8e-07,1.408738977573066e-08,1.8e-07,1.409345098607612e-08,1.8e-07,1.409811703181324e-08,1.8e-07,1.405106945091439e-08,1.8e-07,1.405875274617406e-08,1.8e-07,1.406557860462974e-08,1.8e-07,1.412054875648495e-08,1.8e-07,1.412308331725138e-08,1.8e-07,1.412331357415085e-08,1.8e-07,1.407013534100277e-08,1.8e-07,1.407727653772685e-08,1.8e-07,1.40827094236418e-08,1.8e-07,1.404921928587421e-08,1.8e-07,1.405563088372537e-08,1.8e-07,1.406167876789645e-08,1.8e-07,1.409690612218751e-08
2e-07,1.418154366923849e-08,2e-07,1.417618779646441e-08,2e-07,1.416882105412993e-08,2e-07,1.409754873207014e-08,2e-07,1.410274390517096e-08,2e-07,1.410681767409912e-08,2e-07,1.406486204181487e-08,2e-07,1.407179985229098e-08,2e-07,1.407788162213248e-08,2e-07,1.42691233324606e-08,2e-07,1.424955638641255e-08,2e-07,1.423295842105996e-08,2e-07,1.413431350211329e-08,2e-07,1.413750796971947e-08,2e-07,1.413890132445162e-08,2e-07,1.40852603802042e-08,2e-07,1.409146111162983e-08,2e-07,1.409722112904118e-08,2e-07,1.417655227624396e-08,2e-07,1.417442250456764e-08,2e-07,1.416911014686276e-08,2e-07,1.410759236114723e-08,2e-07,1.411201630372171e-08,2e-07,1.41152894960346e-08,2e-07,1.407811544919342e-08,2e-07,1.408422654839021e-08,2e-07,1.408946775916278e-08,2e-07,1.419668010263418e-08,2e-07,1.418345479348119e-08,2e-07,1.417224763394497e-08,2e-07,1.408800811253769e-08,2e-07,1.409423715239824e-08,2e-07,1.409911023562136e-08,2e-07,1.405160419383824e-08,2e-07,1.405943125430643e-08,2e-07,1.406644746227884e-08,2e-07,1.412132976229652e-08,2e-07,1.412409087051529e-08,2e-07,1.412454589029479e-08,2e-07,1.407074176004079e-08,2e-07,1.407805873664634e-08,2e-07,1.408371415148837e-08,2e-07,1.404976238274765e-08,2e-07,1.405632933447832e-08,2e-07,1.406253635168664e-08,2e-07,1.409754873207014e-08
2.2e-07,1.418251940282415e-08,2.2e-07,1.417731726629284e-08,2.2e-07,1.417016823962808e-08,2.2e-07,1.409819446931061e-08,2.2e-07,1.410354761924683e-08,2.2e-07,1.410783403723152e-08,2.2e-07,1.406540430517926e-08,2.2e-07,1.407249064314597e-08,2.2e-07,1.407876037934768e-08,2.2e-07,1.427039022754566e-08,2.2e-07,1.425103295658967e-08,2.2e-07,1.423448928094468e-08,2.2e-07,1.413504002994495e-08,2.2e-07,1.413838863353986e-08,2.2e-07,1.413998637600614e-08,2.2e-07,1.408583332971915e-08,2.2e-07,1.409217352223757e-08,2.2e-07,1.409810590097225e-08,2.2e-07,1.417758825418268e-08,2.2e-07,1.41755994787106e-08,2.2e-07,1.417049933000787e-08,2.2e-07,1.410827024940691e-08,2.2e-07,1.411286128727076e-08,2.2e-07,1.411633977898844e-08,2.2e-07,1.407867243043658e-08,2.2e-07,1.40849422816544e-08,2.2e-07,1.409035737098717e-08,2.2e-07,1.419758484554687e-08,2.2e-07,1.418451548154182e-08,2.2e-07,1.417352073677822e-08,2.2e-07,1.40886299445596e-08,2.2e-07,1.409502541137786e-08,2.2e-07,1.410008053343451e-08,2.2e-07,1.405213321991014e-08,2.2e-07,1.406010668204178e-08,2.2e-07,1.406731177844004e-08,2.2e-07,1.412211003866665e-08,2.2e-07,1.412506299993384e-08,2.2e-07,1.412577398294075e-08,2.2e-07,1.40713381625762e-08,2.2e-07,1.407883072758551e-08,2.2e-07,1.408472550874756e-08,2.2e-07,1.405030264404629e-08,2.2e-07,1.405702556439584e-08,2.2e-07,1.406339437045192e-08,2.2e-07,1.409819446931061e-08
2.4e-07,1.418350930976219e-08,2.4e-07,1.417846531138872e-08,2.4e-07,1.417149696922087e-08,2.4e-07,1.409883794939905e-08,2.4e-07,1.410436598602374e-08,2.4e-07,1.410884224330731e-08,2.4e-07,1.406594283390766e-08,2.4e-07,1.407318081828331e-08,2.4e-07,1.407963366480781e-08,2.4e-07,1.427167694143465e-08,2.4e-07,1.425234498139715e-08,2.4e-07,1.42360182384013e-08,2.4e-07,1.413577532841003e-08,2.4e-07,1.413926424301399e-08,2.4e-07,1.414103513355661e-08,2.4e-07,1.408639382969997e-08,2.4e-07,1.409287714525331e-08,2.4e-07,1.409898943732002e-08,2.4e-07,1.417861927696446e-08,2.4e-07,1.417682386748698e-08,2.4e-07,1.417192818965417e-08,2.4e-07,1.410893739275657e-08,2.4e-07,1.411368858655879e-08,2.4e-07,1.411738164215492e-08,2.4e-07,1.407922564106279e-08,2.4e-07,1.408565014783945e-08,2.4e-07,1.409124111239738e-08,2.4e-07,1.419850791850546e-08,2.4e-07,1.418562907691898e-08,2.4e-07,1.417480044885292e-08,2.4e-07,1.408925129920272e-08,2.4e-07,1.409580221968291e-08,2.4e-07,1.410104975519478e-08,2.4e-07,1.405266563583323e-08,2.4e-07,1.406078782908014e-08,2.4e-07,1.406817565629936e-08,2.4e-07,1.412290348238983e-08,2.4e-07,1.412606796408506e-08,2.4e-07,1.412699726179067e-08,2.4e-07,1.407194838781257e-08,2.4e-07,1.407960096647113e-08,2.4e-07,1.408569081678853e-08,2.4e-07,1.405084074561366e-08,2.4e-07,1.405771569568967e-08,2.4e-07,1.406424841538879e-08,2.4e-07,1.409883794939905e-08
2.6e-07,1.418449517082689e-08,2.6e-07,1.417957844980705e-08,2.6e-07,1.417283628646183e-08,2.6e-07,1.409947610211697e-08,2.6e-07,1.410518170603745e-08,2.6e-07,1.410985170847786e-08,2.6e-07,1.406648382455524e-08,2.6e-07,1.407387135439199e-08,2.6e-07,1.408050152988428e-08,2.6e-07,1.427299469293475e-08,2.6e-07,1.425377740240069e-08,2.6e-07,1.423754357336476e-08,2.6e-07,1.413648918914979e-08,2.6e-07,1.414013016437056e-08,2.6e-07,1.41420897968013e-08,2.6e-07,1.408697505801189e-08,2.6e-07,1.409358854760491e-08,2.6e-07,1.409986761557443e-08,2.6e-07,1.417965256586324e-08,2.6e-07,1.417800628519208e-08,2.6e-07,1.417329870064506e-08,2.6e-07,1.410961015666254e-08,2.6e-07,1.41145278807971e-08,2.6e-07,1.411841597531659e-08,2.6e-07,1.407978298180739e-08,2.6e-07,1.408635418536751e-08,2.6e-07,1.409212091187576e-08,2.6e-07,1.419944229648745e-08,2.6e-07,1.418672118572455e-08,2.6e-07,1.417609213890818e-08,2.6e-07,1.40898785073688e-08,2.6e-07,1.409658100432946e-08,2.6e-07,1.41020170591021e-08,2.6e-07,1.405319983718057e-08,2.6e-07,1.406146472113335e-08,2.6e-07,1.40690345805815e-08,2.6e-07,1.412369194557052e-08,2.6e-07,1.412703712312408e-08,2.6e-07,1.412820676145495e-08,2.6e-07,1.407254817367624e-08,2.6e-07,1.408036826256535e-08,2.6e-07,1.408668781559449e-08,2.6e-07,1.405138277128009e-08,2.6e-07,1.405840657755032e-08,2.6e-07,1.406509094560072e-08,2.6e-07,1.409947610211697e-08
2.8e-07,1.41854604129638e-08,2.8e-07,1.418072425841975e-08,2.8e-07,1.417416158352091e-08,2.8e-07,1.410013281830991e-08,2.8e-07,1.410598782789995e-08,2.8e-07,1.411084808371974e-08,2.8e-07,1.406703811366054e-08,2.8e-07,1.407456471738707e-08,2.8e-07,1.408136431680415e-08,2.8e-07,1.427432586794863e-08,2.8e-07,1.425516962002177e-08,2.8e-07,1.42390543777332e-08,2.8e-07,1.41372279745177e-08,2.8e-07,1.414104182974671e-08,2.8e-07,1.414315497378954e-08,2.8e-07,1.408753364383087e-08,2.8e-07,1.409429380466732e-08,2.8e-07,1.410075260707353e-08,2.8e-07,1.418070358623885e-08,2.8e-07,1.417922208918788e-08,2.8e-07,1.417471039596077e-08,2.8e-07,1.411028436492807e-08,2.8e-07,1.411536131652262e-08,2.8e-07,1.411945270180284e-08,2.8e-07,1.408034048092604e-08,2.8e-07,1.408706075265641e-08,2.8e-07,1.409299792465443e-08,2.8e-07,1.420037814625595e-08,2.8e-07,1.418779909655078e-08,2.8e-07,1.417737196519468e-08,2.8e-07,1.40905054571609e-08,2.8e-07,1.409737066617013e-08,2.8e-07,1.410300379496974e-08,2.8e-07,1.405374079620289e-08,2.8e-07,1.406214609316273e-08,2.8e-07,1.406989332370458e-08,2.8e-07,1.41244895597046e-08,2.8e-07,1.41280310939361e-08,2.8e-07,1.412941132226589e-08,2.8e-07,1.407316136186413e-08,2.8e-07,1.408113321774629e-08,2.8e-07,1.408763660475295e-08,2.8e-07,1.405192853004347e-08,2.8e-07,1.405909342224163e-08,2.8e-07,1.406592521543674e-08,2.8e-07,1.410013281830991e-08
3e-07,1.418645431910975e-08,3e-07,1.418185699666766e-08,3e-07,1.417548153053769e-08,3e-07,1.410078074453612e-08,3e-07,1.41067905153933e-08,3e-07,1.411184553008525e-08,3e-07,1.406759504222443e-08,3e-07,1.407525824257025e-08,3e-07,1.408223832183377e-08,3e-07,1.427572158730745e-08,3e-07,1.425659586710481e-08,3e-07,1.424056669525901e-08,3e-07,1.413798537364725e-08,3e-07,1.414189258330017e-08,3e-07,1.414419937164481e-08,3e-07,1.408811296449853e-08,3e-07,1.409501011039265e-08,3e-07,1.410163489265087e-08,3e-07,1.418174867242516e-08,3e-07,1.418042611099875e-08,3e-07,1.417607544875555e-08,3e-07,1.411096176051517e-08,3e-07,1.411620263574205e-08,3e-07,1.412048266671318e-08,3e-07,1.408090447759838e-08,3e-07,1.408777674571582e-08,3e-07,1.409386695907966e-08,3e-07,1.420132119089796e-08,3e-07,1.418886761365097e-08,3e-07,1.417862049544808e-08,3e-07,1.40911411652e-08,3e-07,1.409815467267001e-08,3e-07,1.410396246089674e-08,3e-07,1.405428791265543e-08,3e-07,1.40628253476427e-08,3e-07,1.407074910812467e-08,3e-07,1.412528348629134e-08,3e-07,1.412899269862216e-08,3e-07,1.413059647873016e-08,3e-07,1.407376106311915e-08,3e-07,1.408189937438477e-08,3e-07,1.408859855614069e-08,3e-07,1.40524800120266e-08,3e-07,1.405978393822089e-08,3e-07,1.40667457528825e-08,3e-07,1.410078074453612e-08
3.2e-07,1.418744344687773e-08,3.2e-07,1.418298461171937e-08,3.2e-07,1.417678966413197e-08,3.2e-07,1.410143061966934e-08,3.2e-07,1.410760920826473e-08,3.2e-07,1.411283521786115e-08,3.2e-07,1.406815255785393e-08,3.2e-07,1.407595458727739e-08,3.2e-07,1.408309415476373e-08,3.2e-07,1.427707477746121e-08,3.2e-07,1.425800963447629e-08,3.2e-07,1.424206533144006e-08,3.2e-07,1.413871556641818e-08,3.2e-07,1.414279323014526e-08,3.2e-07,1.41452645267158e-08,3.2e-07,1.408869763240378e-08,3.2e-07,1.409572549801173e-08,3.2e-07,1.410252229778511e-08,3.2e-07,1.418279396616178e-08,3.2e-07,1.418161360377931e-08,3.2e-07,1.417747399043161e-08,3.2e-07,1.411164222416902e-08,3.2e-07,1.411703524011966e-08,3.2e-07,1.412150849970323e-08,3.2e-07,1.408147363348748e-08,3.2e-07,1.408848723830108e-08,3.2e-07,1.409472334008132e-08,3.2e-07,1.42022910054525e-08,3.2e-07,1.41899790693587e-08,3.2e-07,1.417990161668975e-08,3.2e-07,1.409177749730001e-08,3.2e-07,1.40989346066087e-08,3.2e-07,1.410493625301403e-08,3.2e-07,1.405483748464349e-08,3.2e-07,1.406351133983089e-08,3.2e-07,1.407160397195825e-08,3.2e-07,1.412609665912136e-08,3.2e-07,1.412997842471641e-08,3.2e-07,1.413177365364931e-08,3.2e-07,1.407438084174945e-08,3.2e-07,1.408265902486546e-08,3.2e-07,1.408954921696664e-08,3.2e-07,1.405303064889148e-08,3.2e-07,1.40604677030286e-08,3.2e-07,1.406753438710233e-08,3.2e-07,1.410143061966934e-08
3.4e-07,1.418844378419792e-08,3.4e-07,1.418413298443301e-08,3.4e-07,1.417810569988335e-08,3.4e-07,1.410209142191086e-08,3.4e-07,1.410840619722453e-08,3.4e-07,1.411382631008807e-08,3.4e-07,1.406871913377805e-08,3.4e-07,1.407665489904023e-08,3.4e-07,1.408395990643503e-08,3.4e-07,1.427845243500775e-08,3.4e-07,1.42594164711243e-08,3.4e-07,1.424357652898064e-08,3.4e-07,1.413943528315755e-08,3.4e-07,1.41436552289595e-08,3.4e-07,1.414633394573274e-08,3.4e-07,1.408928971080944e-08,3.4e-07,1.409645141438152e-08,3.4e-07,1.410340798169709e-08,3.4e-07,1.418385466920327e-08,3.4e-07,1.418281762198068e-08,3.4e-07,1.417884421367674e-08,3.4e-07,1.411232891233275e-08,3.4e-07,1.411787394116294e-08,3.4e-07,1.412253021623974e-08,3.4e-07,1.408205643293052e-08,3.4e-07,1.408920133147479e-08,3.4e-07,1.40955607915126e-08,3.4e-07,1.420321188256272e-08,3.4e-07,1.419105475539393e-08,3.4e-07,1.41811525239347e-08,3.4e-07,1.409241758672841e-08,3.4e-07,1.409972247322178e-08,3.4e-07,1.410590702125256e-08,3.4e-07,1.405539757451665e-08,3.4e-07,1.406419607968623e-08,3.4e-07,1.407244015311604e-08,3.4e-07,1.412689285860303e-08,3.4e-07,1.413092832137082e-08,3.4e-07,1.413294857260271e-08,3.4e-07,1.407498887086303e-08,3.4e-07,1.408341623418795e-08,3.4e-07,1.40905129283072e-08,3.4e-07,1.405358566417394e-08,3.4e-07,1.40611460006802e-08,3.4e-07,1.406828570939982e-08,3.4e-07,1.410209142191086e-08
3.6e-07,1.418940737535102e-08,3.6e-07,1.418525964864685e-08,3.6e-07,1.417940241463131e-08,3.6e-07,1.410275539233753e-08,3.6e-07,1.410922208692301e-08,3.6e-07,1.411481559186906e-08,3.6e-07,1.406929372177318e-08,3.6e-07,1.40773584817237e-08,3.6e-07,1.408483379837246e-08,3.6e-07,1.427987315829113e-08,3.6e-07,1.426080883977477e-08,3.6e-07,1.424508797414686e-08,3.6e-07,1.414019169944091e-08,3.6e-07,1.414454275937926e-08,3.6e-07,1.414738862394029e-08,3.6e-07,1.408988099684473e-08,3.6e-07,1.409717962030625e-08,3.6e-07,1.41042974568647e-08,3.6e-07,1.418490046889726e-08,3.6e-07,1.418401499931089e-08,3.6e-07,1.418020941667956e-08,3.6e-07,1.411301776503103e-08,3.6e-07,1.411871633895088e-08,3.6e-07,1.412355065170019e-08,3.6e-07,1.4082642678594e-08,3.6e-07,1.408991477230261e-08,3.6e-07,1.40963706302383e-08,3.6e-07,1.420417295437433e-08,3.6e-07,1.419210319112958e-08,3.6e-07,1.418240310839297e-08,3.6e-07,1.409306340802079e-08,3.6e-07,1.410050223019983e-08,3.6e-07,1.410689066874917e-08,3.6e-07,1.405596316654598e-08,3.6e-07,1.406489022174739e-08,3.6e-07,1.407329517559582e-08,3.6e-07,1.412769230345072e-08,3.6e-07,1.413188838039659e-08,3.6e-07,1.413409543169596e-08,3.6e-07,1.407560518423576e-08,3.6e-07,1.408417725528111e-08,3.6e-07,1.409143462225286e-08,3.6e-07,1.405414632111329e-08,3.6e-07,1.406182537247641e-08,3.6e-07,1.406898037445324e-08,3.6e-07,1.410275539233753e-08
3.8e-07,1.41904147000512e-08,3.8e-07,1.418637377150184e-08,3.8e-07,1.418070896771652e-08,3.8e-07,1.410342560564586e-08,3.8e-07,1.411004018775254e-08,3.8e-07,1.41157963159872e-08,3.8e-07,1.406986827475516e-08,3.8e-07,1.407805944858187e-08,3.8e-07,1.408566194692523e-08,3.8e-07,1.428125237005061e-08,3.8e-07,1.42622386543813e-08,3.8e-07,1.424658454891105e-08,3.8e-07,1.414092623357163e-08,3.8e-07,1.414543346929234e-08,3.8e-07,1.414844645915295e-08,3.8e-07,1.409047741592194e-08,3.8e-07,1.409790534844253e-08,3.8e-07,1.410518639323252e-08,3.8e-07,1.418594102129734e-08,3.8e-07,1.418519963624107e-08,3.8e-07,1.418158233007762e-08,3.8e-07,1.411370734643422e-08,3.8e-07,1.411955012709116e-08,3.8e-07,1.412457043781194e-08,3.8e-07,1.408323325890586e-08,3.8e-07,1.40906270174399e-08,3.8e-07,1.409712030987918e-08,3.8e-07,1.420511253642597e-08,3.8e-07,1.419318659737882e-08,3.8e-07,1.418363533145885e-08,3.8e-07,1.409370485943041e-08,3.8e-07,1.410127684320144e-08,3.8e-07,1.410784106037141e-08,3.8e-07,1.405652433818685e-08,3.8e-07,1.406557749251759e-08,3.8e-07,1.407413947220277e-08,3.8e-07,1.412849173520631e-08,3.8e-07,1.413286368362637e-08,3.8e-07,1.413524890324879e-08,3.8e-07,1.407621911516173e-08,3.8e-07,1.408492811901193e-08,3.8e-07,1.409236178073599e-08,3.8e-07,1.405470345385832e-08,3.8e-07,1.406249530197412e-08,3.8e-07,1.406957754442751e-08,3.8e-07,1.410342560564586e-08
4e-07,1.419138478336003e-08,4e-07,1.418748094865215e-08,4e-07,1.418199771622929e-08,4e-07,1.410409538220321e-08,4e-07,1.411083570841068e-08,4e-07,1.411677923662049e-08,4e-07,1.407044697500435e-08,4e-07,1.407876012813175e-08,4e-07,1.408648410782571e-08,4e-07,1.428265037679953e-08,4e-07,1.426360791272214e-08,4e-07,1.424806987199247e-08,4e-07,1.414168151894269e-08,4e-07,1.414630649355349e-08,4e-07,1.414950677951019e-08,4e-07,1.409108293428655e-08,4e-07,1.409864278139916e-08,4e-07,1.410607129789845e-08,4e-07,1.41869691502653e-08,4e-07,1.418636630989175e-08,4e-07,1.418292367592355e-08,4e-07,1.411440039315583e-08,4e-07,1.412039916842626e-08,4e-07,1.412557897151921e-08,4e-07,1.408382834531991e-08,4e-07,1.409132654911962e-08,4e-07,1.409779658957508e-08,4e-07,1.420604864684498e-08,4e-07,1.419425521034055e-08,4e-07,1.418488886462638e-08,4e-07,1.409435434362677e-08,4e-07,1.410204845251805e-08,4e-07,1.410879532819487e-08,4e-07,1.405709145438768e-08,4e-07,1.406626699827022e-08,4e-07,1.40749984348245e-08,4e-07,1.412926972850716e-08,4e-07,1.413379456156022e-08,4e-07,1.413638155048558e-08,4e-07,1.407682911686716e-08,4e-07,1.408567761803208e-08,4e-07,1.409327786623824e-08,4e-07,1.405525752269114e-08,4e-07,1.406312801051026e-08,4e-07,1.407007026155811e-08,4e-07,1.410409538220321e-08
4.2e-07,1.419237527666919e-08,4.2e-07,1.418861199888793e-08,4.2e-07,1.418328082755466e-08,4.2e-07,1.410475939028012e-08,4.2e-07,1.411164917153148e-08,4.2e-07,1.411775091387548e-08,4.2e-07,1.40710239688015e-08,4.2e-07,1.407945666451966e-08,4.2e-07,1.408727000990344e-08,4.2e-07,1.428400387838433e-08,4.2e-07,1.426500630656088e-08,4.2e-07,1.42495515617518e-08,4.2e-07,1.414240111714355e-08,4.2e-07,1.414720164481701e-08,4.2e-07,1.415054275318551e-08,4.2e-07,1.409168907341456e-08,4.2e-07,1.409937498915651e-08,4.2e-07,1.410695519950045e-08,4.2e-07,1.418801246603528e-08,4.2e-07,1.418757533941042e-08,4.2e-07,1.418430055082487e-08,4.2e-07,1.411509381876352e-08,4.2e-07,1.412122940325867e-08,4.2e-07,1.41265789500218e-08,4.2e-07,1.408441947915701e-08,4.2e-07,1.40920078944246e-08,4.2e-07,1.409838013847888e-08,4.2e-07,1.420699246787847e-08,4.2e-07,1.419536150946617e-08,4.2e-07,1.418612330941987e-08,4.2e-07,1.409500411705648e-08,4.2e-07,1.410283328441859e-08,4.2e-07,1.410975732619931e-08,4.2e-07,1.405766005873384e-08,4.2e-07,1.406695237146374e-08,4.2e-07,1.407580964486984e-08,4.2e-07,1.41300729020956e-08,4.2e-07,1.413475340103083e-08,4.2e-07,1.413751217436211e-08,4.2e-07,1.407743917637112e-08,4.2e-07,1.408641980545028e-08,4.2e-07,1.409417451562457e-08,4.2e-07,1.405580948784549e-08,4.2e-07,1.40637247561363e-08,4.2e-07,1.407045400023529e-08,4.2e-07,1.410475939028012e-08
4.4e-07,1.419333895342653e-08,4.4e-07,1.418973351730949e-08,4.4e-07,1.418455517685566e-08,4.4e-07,1.4105432037653e-08,4.4e-07,1.411244284107796e-08,4.4e-07,1.411872235247116e-08,4.4e-07,1.407160195567432e-08,4.4e-07,1.408014616533163e-08,4.4e-07,1.408800464744351e-08,4.4e-07,1.428538079177462e-08,4.4e-07,1.426642095419325e-08,4.4e-07,1.42510468140279e-08,4.4e-07,1.414315778345536e-08,4.4e-07,1.414808593304084e-08,4.4e-07,1.415159807024401e-08,4.4e-07,1.409230014165795e-08,4.4e-07,1.410011534081298e-08,4.4e-07,1.410782544655692e-08,4.4e-07,1.418906554243664e-08,4.4e-07,1.418874235145227e-08,4.4e-07,1.418562134021794e-08,4.4e-07,1.411578773911284e-08,4.4e-07,1.412207737598461e-08,4.4e-07,1.412757043074386e-08,4.4e-07,1.408501183010671e-08,4.4e-07,1.409264160130017e-08,4.4e-07,1.409884806742795e-08,4.4e-07,1.42079264533608e-08,4.4e-07,1.419641680388708e-08,4.4e-07,1.418733261630308e-08,4.4e-07,1.409563724263853e-08,4.4e-07,1.41036168439539e-08,4.4e-07,1.411070404614283e-08,4.4e-07,1.405822434096314e-08,4.4e-07,1.406763613546604e-08,4.4e-07,1.407662358177913e-08,4.4e-07,1.413085291140052e-08,4.4e-07,1.413568816416225e-08,4.4e-07,1.413863336793202e-08,4.4e-07,1.407803881393324e-08,4.4e-07,1.408716160471437e-08,4.4e-07,1.409506239914244e-08,4.4e-07,1.405635255897013e-08,4.4e-07,1.406423553842721e-08,4.4e-07,1.407073128821485e-08,4.4e-07,1.4105432037653e-08
4.6e-07,1.419430485699022e-08,4.6e-07,1.419082779151026e-08,4.6e-07,1.418581739303395e-08,4.6e-07,1.410610159324311e-08,4.6e-07,1.411325085166499e-08,4.6e-07,1.411968036017688e-08,4.6e-07,1.407217168708694e-08,4.6e-07,1.408081815676181e-08,4.6e-07,1.408865597619572e-08,4.6e-07,1.428671530617279e-08,4.6e-07,1.426780134891633e-08,4.6e-07,1.425252194052615e-08,4.6e-07,1.414388598367324e-08,4.6e-07,1.414896736459118e-08,4.6e-07,1.41526387299404e-08,4.6e-07,1.409290786824837e-08,4.6e-07,1.4100845790556e-08,4.6e-07,1.410867632711525e-08,4.6e-07,1.419010692490961e-08,4.6e-07,1.418994209232605e-08,4.6e-07,1.418698151078349e-08,4.6e-07,1.411648106814035e-08,4.6e-07,1.412290273621763e-08,4.6e-07,1.412854501008019e-08,4.6e-07,1.408558941896223e-08,4.6e-07,1.409320461882682e-08,4.6e-07,1.409919901082949e-08,4.6e-07,1.420885872688665e-08,4.6e-07,1.419748598380856e-08,4.6e-07,1.418856886180023e-08,4.6e-07,1.409627882338153e-08,4.6e-07,1.410438899364768e-08,4.6e-07,1.411162468684697e-08,4.6e-07,1.405878711245223e-08,4.6e-07,1.406831577373129e-08,4.6e-07,1.407741101596553e-08,4.6e-07,1.413163983838905e-08,4.6e-07,1.413663086016773e-08,4.6e-07,1.413974996906896e-08,4.6e-07,1.407864157379944e-08,4.6e-07,1.408789299765838e-08,4.6e-07,1.409592119763784e-08,4.6e-07,1.405687750109325e-08,4.6e-07,1.406465112455255e-08,4.6e-07,1.407092399027212e-08,4.6e-07,1.410610159324311e-08
4.800000000000001e-07,1.419526267000318e-08,4.800000000000001e-07,1.419193514072488e-08,4.800000000000001e-07,1.418708429715203e-08,4.800000000000001e-07,1.41067519134867e-08,4.800000000000001e-07,1.411403131168741e-08,4.800000000000001e-07,1.412064015364862e-08,4.800000000000001e-07,1.407274197065677e-08,4.800000000000001e-07,1.408146504395849e-08,4.800000000000001e-07,1.40892060904801e-08,4.800000000000001e-07,1.428805229130847e-08,4.800000000000001e-07,1.426917341607633e-08,4.800000000000001e-07,1.425399217655426e-08,4.800000000000001e-07,1.414463104191445e-08,4.800000000000001e-07,1.414983817972435e-08,4.800000000000001e-07,1.415368612309028e-08,4.800000000000001e-07,1.409351577807318e-08,4.800000000000001e-07,1.410157733558767e-08,4.800000000000001e-07,1.410949512245509e-08,4.800000000000001e-07,1.419114620540786e-08,4.800000000000001e-07,1.419109153119882e-08,4.800000000000001e-07,1.418829108919041e-08,4.800000000000001e-07,1.41171691719599e-08,4.800000000000001e-07,1.412373466471513e-08,4.800000000000001e-07,1.412950186237265e-08,4.800000000000001e-07,1.408615188482478e-08,4.800000000000001e-07,1.409365490456177e-08,4.800000000000001e-07,1.409944609693876e-08,4.800000000000001e-07,1.420976770238219e-08,4.800000000000001e-07,1.419851528830211e-08,4.800000000000001e-07,1.418977479927036e-08,4.800000000000001e-07,1.409691794566522e-08,4.800000000000001e-07,1.410516935108391e-08,4.800000000000001e-07,1.4112559122329e-08,4.800000000000001e-07,1.405934263842131e-08,4.800000000000001e-07,1.406898829720007e-08,4.800000000000001e-07,1.407815260929708e-08,4.800000000000001e-07,1.413241722230663e-08,4.800000000000001e-07,1.413754058275868e-08,4.800000000000001e-07,1.414085541217039e-08,4.800000000000001e-07,1.407923403475995e-08,4.800000000000001e-07,1.408862118519562e-08,4.800000000000001e-07,1.409675067274419e-08,4.800000000000001e-07,1.405736102330979e-08,4.800000000000001e-07,1.406494367949281e-08,4.800000000000001e-07,1.407105178225223e-08,4.800000000000001e-07,1.41067519134867e-08
5.000000000000001e-07,1.41962309191041e-08,5.000000000000001e-07,1.419301797360507e-08,5.000000000000001e-07,1.418834128461855e-08,5.000000000000001e-07,1.410741749313157e-08,5.000000000000001e-07,1.411483370966581e-08,5.000000000000001e-07,1.412158176671148e-08,5.000000000000001e-07,1.407330285936708e-08,5.000000000000001e-07,1.408206922355866e-08,5.000000000000001e-07,1.408963811871937e-08,5.000000000000001e-07,1.428939264562289e-08,5.000000000000001e-07,1.427056047256558e-08,5.000000000000001e-07,1.42554556374181e-08,5.000000000000001e-07,1.414536286772382e-08,5.000000000000001e-07,1.415072380379274e-08,5.000000000000001e-07,1.415471256273273e-08,5.000000000000001e-07,1.40941216563937e-08,5.000000000000001e-07,1.410229645317233e-08,5.000000000000001e-07,1.411025967918749e-08,5.000000000000001e-07,1.419218008739219e-08,5.000000000000001e-07,1.41922921686024e-08,5.000000000000001e-07,1.418963671259055e-08,5.000000000000001e-07,1.411786219542979e-08,5.000000000000001e-07,1.412455990522414e-08,5.000000000000001e-07,1.413043119342046e-08,5.000000000000001e-07,1.408666081047625e-08,5.000000000000001e-07,1.409398987500241e-08,5.000000000000001e-07,1.409961833451042e-08,5.000000000000001e-07,1.421069361544534e-08,5.000000000000001e-07,1.419958732442543e-08,5.000000000000001e-07,1.4190950570668e-08,5.000000000000001e-07,1.409755211025727e-08,5.000000000000001e-07,1.410593903811807e-08,5.000000000000001e-07,1.411348130737703e-08,5.000000000000001e-07,1.405989483675636e-08,5.000000000000001e-07,1.406964810860368e-08,5.000000000000001e-07,1.40788310204885e-08,5.000000000000001e-07,1.413318364154998e-08,5.000000000000001e-07,1.413848208895936e-08,5.000000000000001e-07,1.414195512044077e-08,5.000000000000001e-07,1.407982747725691e-08,5.000000000000001e-07,1.408933644513856e-08,5.000000000000001e-07,1.409752662092332e-08,5.000000000000001e-07,1.405776926577741e-08,5.000000000000001e-07,1.406513843591772e-08,5.000000000000001e-07,1.407113246791362e-08,5.000000000000001e-07,1.410741749313157e-08
5.2e-07,1.419717827113192e-08,5.2e-07,1.419411359525583e-08,5.2e-07,1.418958780720104e-08,5.2e-07,1.410807425616445e-08,5.2e-07,1.411560719165199e-08,5.2e-07,1.412252273178285e-08,5.2e-07,1.40738558385354e-08,5.2e-07,1.408259918940855e-08,5.2e-07,1.408995420335465e-08,5.2e-07,1.4290717289798e-08,5.2e-07,1.427188936176016e-08,5.2e-07,1.425690959521039e-08,5.2e-07,1.414611116591975e-08,5.2e-07,1.415159631283849e-08,5.2e-07,1.415573302443654e-08,5.2e-07,1.409472208369631e-08,5.2e-07,1.410300695172684e-08,5.2e-07,1.411094520591059e-08,5.2e-07,1.419320938307389e-08,5.2e-07,1.419345849661734e-08,5.2e-07,1.419094289555297e-08,5.2e-07,1.411854566051696e-08,5.2e-07,1.412537884900506e-08,5.2e-07,1.41313207841616e-08,5.2e-07,1.408708592001512e-08,5.2e-07,1.409421500059044e-08,5.2e-07,1.409972741415219e-08,5.2e-07,1.421161418444415e-08,5.2e-07,1.420061427232411e-08,5.2e-07,1.419217099451055e-08,5.2e-07,1.409818095478897e-08,5.2e-07,1.410670794319395e-08,5.2e-07,1.411441011388522e-08,5.2e-07,1.406044434325375e-08,5.2e-07,1.407029273218909e-08,5.2e-07,1.407941714125327e-08,5.2e-07,1.413395112736131e-08,5.2e-07,1.413938605909946e-08,5.2e-07,1.414304316569407e-08,5.2e-07,1.408040847824133e-08,5.2e-07,1.40900476254444e-08,5.2e-07,1.409825143662744e-08,5.2e-07,1.405806465501117e-08,5.2e-07,1.406524999690407e-08,5.2e-07,1.407119095616645e-08,5.2e-07,1.410807425616445e-08
5.400000000000001e-07,1.419811892052971e-08,5.400000000000001e-07,1.419520591381307e-08,5.400000000000001e-07,1.419083576427168e-08,5.400000000000001e-07,1.410871562534239e-08,5.400000000000001e-07,1.411640069151298e-08,5.400000000000001e-07,1.412343852313025e-08,5.400000000000001e-07,1.407438552909521e-08,5.400000000000001e-07,1.408302132180979e-08,5.400000000000001e-07,1.409017074345282e-08,5.400000000000001e-07,1.429200434643547e-08,5.400000000000001e-07,1.427325035642547e-08,5.400000000000001e-07,1.425834314041378e-08,5.400000000000001e-07,1.414684121988248e-08,5.400000000000001e-07,1.415248281875112e-08,5.400000000000001e-07,1.415678140784243e-08,5.400000000000001e-07,1.409532113607566e-08,5.400000000000001e-07,1.41036835800923e-08,5.400000000000001e-07,1.411152283937151e-08,5.400000000000001e-07,1.419424781203255e-08,5.400000000000001e-07,1.419461575082171e-08,5.400000000000001e-07,1.419226969544996e-08,5.400000000000001e-07,1.411922923842386e-08,5.400000000000001e-07,1.412617529999665e-08,5.400000000000001e-07,1.413214904744916e-08,5.400000000000001e-07,1.408738327294093e-08,5.400000000000001e-07,1.409433880531597e-08,5.400000000000001e-07,1.409980037428133e-08,5.400000000000001e-07,1.421251527336982e-08,5.400000000000001e-07,1.420167014236498e-08,5.400000000000001e-07,1.419337371334454e-08,5.400000000000001e-07,1.409880265117333e-08,5.400000000000001e-07,1.410746101647253e-08,5.400000000000001e-07,1.41153109866303e-08,5.400000000000001e-07,1.406098286996094e-08,5.400000000000001e-07,1.407090125166145e-08,5.400000000000001e-07,1.407988363620413e-08,5.400000000000001e-07,1.41347081440857e-08,5.400000000000001e-07,1.414031610974596e-08,5.400000000000001e-07,1.414413128298998e-08,5.400000000000001e-07,1.408099094670881e-08,5.400000000000001e-07,1.409073617057947e-08,5.400000000000001e-07,1.409888868514989e-08,5.400000000000001e-07,1.40582483492942e-08,5.400000000000001e-07,1.406532506988226e-08,5.400000000000001e-07,1.407122849760012e-08,5.400000000000001e-07,1.410871562534239e-08
5.599999999999999e-07,1.419906886979943e-08,5.599999999999999e-07,1.419626490221115e-08,5.599999999999999e-07,1.419206975320823e-08,5.599999999999999e-07,1.410935328903317e-08,5.599999999999999e-07,1.411716249474615e-08,5.599999999999999e-07,1.412433809949303e-08,5.599999999999999e-07,1.407486841181357e-08,5.599999999999999e-07,1.408332233161394e-08,5.599999999999999e-07,1.409031453320716e-08,5.599999999999999e-07,1.429330088931475e-08,5.599999999999999e-07,1.427459372421946e-08,5.599999999999999e-07,1.425980212107736e-08,5.599999999999999e-07,1.414756531395259e-08,5.599999999999999e-07,1.415332844144477e-08,5.599999999999999e-07,1.415777898575537e-08,5.599999999999999e-07,1.409591195203809e-08,5.599999999999999e-07,1.41043189093159e-08,5.599999999999999e-07,1.411197177681054e-08,5.599999999999999e-07,1.419525569457483e-08,5.599999999999999e-07,1.41957458887794e-08,5.599999999999999e-07,1.419355607179049e-08,5.599999999999999e-07,1.411990115574951e-08,5.599999999999999e-07,1.412697305765636e-08,5.599999999999999e-07,1.413290877207235e-08,5.599999999999999e-07,1.408756709839651e-08,5.599999999999999e-07,1.409443496135659e-08,5.599999999999999e-07,1.409984638267752e-08,5.599999999999999e-07,1.421340530264394e-08,5.599999999999999e-07,1.420270073035055e-08,5.599999999999999e-07,1.419453157612696e-08,5.599999999999999e-07,1.409942746102911e-08,5.599999999999999e-07,1.410821850337166e-08,5.599999999999999e-07,1.411620531526936e-08,5.599999999999999e-07,1.406151335910747e-08,5.599999999999999e-07,1.40714494854743e-08,5.599999999999999e-07,1.408023049417266e-08,5.599999999999999e-07,1.413548353322221e-08,5.599999999999999e-07,1.414121096059299e-08,5.599999999999999e-07,1.414520131984962e-08,5.599999999999999e-07,1.408156037214459e-08,5.599999999999999e-07,1.40914033803544e-08,5.599999999999999e-07,1.409943845849741e-08,5.599999999999999e-07,1.405835138831819e-08,5.599999999999999e-07,1.406536306254412e-08,5.599999999999999e-07,1.40712524231776e-08,5.599999999999999e-07,1.410935328903317e-08
5.8e-07,1.420000817942961e-08,5.8e-07,1.419734941562381e-08,5.8e-07,1.419329564072126e-08,5.8e-07,1.410999292144292e-08,5.8e-07,1.411794418986078e-08,5.8e-07,1.412519916870264e-08,5.8e-07,1.407526179480634e-08,5.8e-07,1.408351423679914e-08,5.8e-07,1.40904055641934e-08,5.8e-07,1.42945787867144e-08,5.8e-07,1.427590626107959e-08,5.8e-07,1.426121755381758e-08,5.8e-07,1.414828046723164e-08,5.8e-07,1.415420688400698e-08,5.8e-07,1.415880564636322e-08,5.8e-07,1.409649263062095e-08,5.8e-07,1.410486470855411e-08,5.8e-07,1.411230508805347e-08,5.8e-07,1.419629159395269e-08,5.8e-07,1.419692906594033e-08,5.8e-07,1.419488110185274e-08,5.8e-07,1.412057238042559e-08,5.8e-07,1.412773206694965e-08,5.8e-07,1.413356849939428e-08,5.8e-07,1.408766686665343e-08,5.8e-07,1.409447007493876e-08,5.8e-07,1.409986175020269e-08,5.8e-07,1.421430005923711e-08,5.8e-07,1.420373383662997e-08,5.8e-07,1.419573755260668e-08,5.8e-07,1.410003943400008e-08,5.8e-07,1.410896375699284e-08,5.8e-07,1.411709933768398e-08,5.8e-07,1.406203545951145e-08,5.8e-07,1.407190782335922e-08,5.8e-07,1.408046818326909e-08,5.8e-07,1.413622572335828e-08,5.8e-07,1.414213027069217e-08,5.8e-07,1.414627123670405e-08,5.8e-07,1.40821336565963e-08,5.8e-07,1.409202130131087e-08,5.8e-07,1.409987768910591e-08,5.8e-07,1.405840549574438e-08,5.8e-07,1.40653930235903e-08,5.8e-07,1.40712698312292e-08,5.8e-07,1.410999292144292e-08
6e-07,1.420091263304012e-08,6e-07,1.419841947126488e-08,6e-07,1.419451929938246e-08,6e-07,1.411062671362945e-08,6e-07,1.411869354169227e-08,6e-07,1.412602196710806e-08,6e-07,1.407553670488116e-08,6e-07,1.408362936431199e-08,6e-07,1.409046516414355e-08,6e-07,1.429584817864452e-08,6e-07,1.427723951937386e-08,6e-07,1.426265698703376e-08,6e-07,1.414901649254542e-08,6e-07,1.415504412532268e-08,6e-07,1.415978484558739e-08,6e-07,1.409704859640428e-08,6e-07,1.410530055818094e-08,6e-07,1.411252665174287e-08,6e-07,1.419729669163755e-08,6e-07,1.419807338208533e-08,6e-07,1.419614600554118e-08,6e-07,1.412123580539253e-08,6e-07,1.412847075972296e-08,6e-07,1.413413148855237e-08,6e-07,1.408772156810986e-08,6e-07,1.40945002638412e-08,6e-07,1.409990132161322e-08,6e-07,1.421520068965205e-08,6e-07,1.420473635261453e-08,6e-07,1.419689372626979e-08,6e-07,1.410064017708046e-08,6e-07,1.410970274208915e-08,6e-07,1.411796941219958e-08,6e-07,1.406252304063424e-08,6e-07,1.407224466545729e-08,6e-07,1.408062716859148e-08,6e-07,1.413697570083633e-08,6e-07,1.414301447324686e-08,6e-07,1.414732304516281e-08,6e-07,1.408269123345725e-08,6e-07,1.409261528346065e-08,6e-07,1.410022814396918e-08,6e-07,1.405843702409884e-08,6e-07,1.406540526751591e-08,6e-07,1.407128263214391e-08,6e-07,1.411062671362945e-08
6.2e-07,1.420182913542599e-08,6.2e-07,1.419949013598371e-08,6.2e-07,1.419573791147576e-08,6.2e-07,1.411124954834645e-08,6.2e-07,1.411945518914268e-08,6.2e-07,1.412677566517559e-08,6.2e-07,1.407569381060435e-08,6.2e-07,1.408369597032037e-08,6.2e-07,1.409050474708419e-08,6.2e-07,1.429705938606455e-08,6.2e-07,1.427854928170863e-08,6.2e-07,1.426408316026518e-08,6.2e-07,1.414971853925633e-08,6.2e-07,1.415590856484725e-08,6.2e-07,1.416076090837521e-08,6.2e-07,1.409754113805017e-08,6.2e-07,1.410559866915159e-08,6.2e-07,1.411267559438273e-08,6.2e-07,1.419828237876608e-08,6.2e-07,1.419921828191209e-08,6.2e-07,1.419744562340293e-08,6.2e-07,1.412188937379305e-08,6.2e-07,1.412913416724604e-08,6.2e-07,1.413457570532119e-08,6.2e-07,1.408774951401387e-08,6.2e-07,1.409453331019584e-08,6.2e-07,1.409992090674508e-08,6.2e-07,1.421605956441964e-08,6.2e-07,1.420577508703594e-08,6.2e-07,1.419805150489817e-08,6.2e-07,1.410123634453255e-08,6.2e-07,1.411043345882419e-08,6.2e-07,1.411883324161592e-08,6.2e-07,1.406295307939937e-08,6.2e-07,1.40724702201173e-08,6.2e-07,1.408072701798511e-08,6.2e-07,1.413771898467297e-08,6.2e-07,1.414392514899635e-08,6.2e-07,1.414836922027785e-08,6.2e-07,1.408324187204229e-08,6.2e-07,1.409311295909155e-08,6.2e-07,1.41004803094283e-08,6.2e-07,1.405845452833413e-08,6.2e-07,1.406541920430805e-08,6.2e-07,1.407128975609811e-08,6.2e-07,1.411124954834645e-08
6.4e-07,1.420276634115825e-08,6.4e-07,1.420055320031732e-08,6.4e-07,1.419693337720837e-08,6.4e-07,1.411186726762633e-08,6.4e-07,1.412019441605973e-08,6.4e-07,1.412744430131184e-08,6.4e-07,1.407577658666413e-08,6.4e-07,1.408373491508968e-08,6.4e-07,1.409053079450568e-08,6.4e-07,1.429831412880324e-08,6.4e-07,1.427984497964907e-08,6.4e-07,1.426549193237156e-08,6.4e-07,1.415043857223883e-08,6.4e-07,1.41567202918388e-08,6.4e-07,1.416171164631691e-08,6.4e-07,1.409794820637687e-08,6.4e-07,1.410579159250524e-08,6.4e-07,1.41127687810277e-08,6.4e-07,1.419927207939144e-08,6.4e-07,1.420032823761505e-08,6.4e-07,1.419869430467438e-08,6.4e-07,1.412252897351456e-08,6.4e-07,1.412972398548945e-08,6.4e-07,1.413492051952771e-08,6.4e-07,1.408776858434275e-08,6.4e-07,1.409454584094966e-08,6.4e-07,1.409992784190676e-08,6.4e-07,1.421694877771766e-08,6.4e-07,1.420676610467885e-08,6.4e-07,1.41992232275854e-08,6.4e-07,1.410184530811492e-08,6.4e-07,1.411116101660738e-08,6.4e-07,1.411965432918577e-08,6.4e-07,1.406326921207008e-08,6.4e-07,1.40726009441262e-08,6.4e-07,1.408078768615377e-08,6.4e-07,1.41384474364099e-08,6.4e-07,1.414479685746736e-08,6.4e-07,1.414939944975714e-08,6.4e-07,1.408377003041783e-08,6.4e-07,1.409351729354244e-08,6.4e-07,1.410066835969385e-08,6.4e-07,1.405846467724401e-08,6.4e-07,1.4065423691876e-08,6.4e-07,1.407129855100774e-08,6.4e-07,1.411186726762633e-08
